Instance,Start_Heuristic,LS_Method,Neighborhood,Algorithm,Init_Cost,Final_Cost,BKS,Init_Pct_Dev,Pct_Dev,Improved,Moves,Constr_Time_s,Time_s
4.2,CH1,FI,1-1 Swap + RE,CH1 + FI + 1-1 Swap + RE,4229.0,1315.0,512.0,725.9765625,156.8359375,True,78,0.0046521000331267715,0.20134420006070286
4.2,CH1,BI,1-1 Swap + RE,CH1 + BI + 1-1 Swap + RE,4229.0,1701.0,512.0,725.9765625,232.2265625,True,22,0.0046521000331267715,0.20681499992497265
4.2,CH2,FI,1-1 Swap + RE,CH2 + FI + 1-1 Swap + RE,582.0,560.0,512.0,13.671875,9.375,True,3,0.017627199995331466,0.011950899963267148
4.2,CH2,BI,1-1 Swap + RE,CH2 + BI + 1-1 Swap + RE,582.0,514.0,512.0,13.671875,0.390625,True,4,0.017627199995331466,0.017508499906398356
4.2,CH3,FI,1-1 Swap + RE,CH3 + FI + 1-1 Swap + RE,665.0,630.0,512.0,29.8828125,23.046875,True,7,0.008940799976699054,0.015009800088591874
4.2,CH3,BI,1-1 Swap + RE,CH3 + BI + 1-1 Swap + RE,665.0,604.0,512.0,29.8828125,17.96875,True,6,0.008940799976699054,0.01631259999703616
4.2,CH1+RE,FI,1-1 Swap + RE,CH1+RE + FI + 1-1 Swap + RE,3247.0,1382.0,512.0,534.1796875,169.921875,True,67,0.0064425000455230474,0.07952629995997995
4.2,CH1+RE,BI,1-1 Swap + RE,CH1+RE + BI + 1-1 Swap + RE,3247.0,1701.0,512.0,534.1796875,232.2265625,True,22,0.0064425000455230474,0.04376390005927533
4.2,CH1,FI,Remove + Greedy Repair + RE,CH1 + FI + Remove + Greedy Repair + RE,4229.0,523.0,512.0,725.9765625,2.1484375,True,52,0.0046521000331267715,0.0699980000499636
4.2,CH1,BI,Remove + Greedy Repair + RE,CH1 + BI + Remove + Greedy Repair + RE,4229.0,543.0,512.0,725.9765625,6.0546875,True,39,0.0046521000331267715,0.3564877000171691
4.2,CH2,FI,Remove + Greedy Repair + RE,CH2 + FI + Remove + Greedy Repair + RE,582.0,523.0,512.0,13.671875,2.1484375,True,5,0.017627199995331466,0.01680709992069751
4.2,CH2,BI,Remove + Greedy Repair + RE,CH2 + BI + Remove + Greedy Repair + RE,582.0,523.0,512.0,13.671875,2.1484375,True,3,0.017627199995331466,0.03585990006104112
4.2,CH3,FI,Remove + Greedy Repair + RE,CH3 + FI + Remove + Greedy Repair + RE,665.0,570.0,512.0,29.8828125,11.328125,True,10,0.008940799976699054,0.02097670000512153
4.2,CH3,BI,Remove + Greedy Repair + RE,CH3 + BI + Remove + Greedy Repair + RE,665.0,544.0,512.0,29.8828125,6.25,True,9,0.008940799976699054,0.09945429989602417
4.2,CH1+RE,FI,Remove + Greedy Repair + RE,CH1+RE + FI + Remove + Greedy Repair + RE,3247.0,543.0,512.0,534.1796875,6.0546875,True,71,0.0064425000455230474,0.10425029997713864
4.2,CH1+RE,BI,Remove + Greedy Repair + RE,CH1+RE + BI + Remove + Greedy Repair + RE,3247.0,542.0,512.0,534.1796875,5.859375,True,41,0.0064425000455230474,0.36156340001616627
4.3,CH1,FI,1-1 Swap + RE,CH1 + FI + 1-1 Swap + RE,4019.0,1440.0,516.0,678.8759689922481,179.06976744186048,True,75,0.0012102000182494521,0.18054810003377497
4.3,CH1,BI,1-1 Swap + RE,CH1 + BI + 1-1 Swap + RE,4019.0,1763.0,516.0,678.8759689922481,241.66666666666666,True,19,0.0012102000182494521,0.08068940008524805
4.3,CH2,FI,1-1 Swap + RE,CH2 + FI + 1-1 Swap + RE,598.0,559.0,516.0,15.891472868217054,8.333333333333334,True,2,0.012049500015564263,0.008606899995356798
4.3,CH2,BI,1-1 Swap + RE,CH2 + BI + 1-1 Swap + RE,598.0,526.0,516.0,15.891472868217054,1.937984496124031,True,2,0.012049500015564263,0.008647000067867339
4.3,CH3,FI,1-1 Swap + RE,CH3 + FI + 1-1 Swap + RE,602.0,559.0,516.0,16.666666666666668,8.333333333333334,True,5,0.0027875000378116965,0.008275699918158352
4.3,CH3,BI,1-1 Swap + RE,CH3 + BI + 1-1 Swap + RE,602.0,576.0,516.0,16.666666666666668,11.627906976744185,True,2,0.0027875000378116965,0.005279400036670268
4.3,CH1+RE,FI,1-1 Swap + RE,CH1+RE + FI + 1-1 Swap + RE,3174.0,1664.0,516.0,515.1162790697674,222.48062015503876,True,54,0.0017899000085890293,0.1228718999773264
4.3,CH1+RE,BI,1-1 Swap + RE,CH1+RE + BI + 1-1 Swap + RE,3174.0,1591.0,516.0,515.1162790697674,208.33333333333334,True,23,0.0017899000085890293,0.058399399975314736
4.3,CH1,FI,Remove + Greedy Repair + RE,CH1 + FI + Remove + Greedy Repair + RE,4019.0,520.0,516.0,678.8759689922481,0.7751937984496124,True,60,0.0012102000182494521,0.12151560001075268
4.3,CH1,BI,Remove + Greedy Repair + RE,CH1 + BI + Remove + Greedy Repair + RE,4019.0,525.0,516.0,678.8759689922481,1.744186046511628,True,36,0.0012102000182494521,0.3701500999741256
4.3,CH2,FI,Remove + Greedy Repair + RE,CH2 + FI + Remove + Greedy Repair + RE,598.0,523.0,516.0,15.891472868217054,1.3565891472868217,True,7,0.012049500015564263,0.022060499992221594
4.3,CH2,BI,Remove + Greedy Repair + RE,CH2 + BI + Remove + Greedy Repair + RE,598.0,520.0,516.0,15.891472868217054,0.7751937984496124,True,3,0.012049500015564263,0.043777499930001795
4.3,CH3,FI,Remove + Greedy Repair + RE,CH3 + FI + Remove + Greedy Repair + RE,602.0,523.0,516.0,16.666666666666668,1.3565891472868217,True,15,0.0027875000378116965,0.05040849989745766
4.3,CH3,BI,Remove + Greedy Repair + RE,CH3 + BI + Remove + Greedy Repair + RE,602.0,523.0,516.0,16.666666666666668,1.3565891472868217,True,8,0.0027875000378116965,0.09679169999435544
4.3,CH1+RE,FI,Remove + Greedy Repair + RE,CH1+RE + FI + Remove + Greedy Repair + RE,3174.0,542.0,516.0,515.1162790697674,5.038759689922481,True,58,0.0017899000085890293,0.08756150002591312
4.3,CH1+RE,BI,Remove + Greedy Repair + RE,CH1+RE + BI + Remove + Greedy Repair + RE,3174.0,526.0,516.0,515.1162790697674,1.937984496124031,True,37,0.0017899000085890293,0.30507280002348125
4.4,CH1,FI,1-1 Swap + RE,CH1 + FI + 1-1 Swap + RE,4390.0,1838.0,494.0,788.663967611336,272.06477732793525,True,59,0.005688799894414842,0.05118449998553842
4.4,CH1,BI,1-1 Swap + RE,CH1 + BI + 1-1 Swap + RE,4390.0,1960.0,494.0,788.663967611336,296.7611336032389,True,20,0.005688799894414842,0.03547080000862479
4.4,CH2,FI,1-1 Swap + RE,CH2 + FI + 1-1 Swap + RE,548.0,526.0,494.0,10.931174089068826,6.477732793522267,True,3,0.01851239998359233,0.005324800033122301
4.4,CH2,BI,1-1 Swap + RE,CH2 + BI + 1-1 Swap + RE,548.0,494.0,494.0,10.931174089068826,0.0,True,3,0.01851239998359233,0.007648600032553077
4.4,CH3,FI,1-1 Swap + RE,CH3 + FI + 1-1 Swap + RE,591.0,577.0,494.0,19.635627530364374,16.80161943319838,True,2,0.006802899995818734,0.004067700006999075
4.4,CH3,BI,1-1 Swap + RE,CH3 + BI + 1-1 Swap + RE,591.0,535.0,494.0,19.635627530364374,8.299595141700404,True,3,0.006802899995818734,0.004824400064535439
4.4,CH1+RE,FI,1-1 Swap + RE,CH1+RE + FI + 1-1 Swap + RE,3468.0,1703.0,494.0,602.0242914979757,244.73684210526315,True,65,0.008300999877974391,0.0609004000434652
4.4,CH1+RE,BI,1-1 Swap + RE,CH1+RE + BI + 1-1 Swap + RE,3468.0,2075.0,494.0,602.0242914979757,320.0404858299595,True,21,0.008300999877974391,0.02632390009239316
4.4,CH1,FI,Remove + Greedy Repair + RE,CH1 + FI + Remove + Greedy Repair + RE,4390.0,500.0,494.0,788.663967611336,1.214574898785425,True,61,0.005688799894414842,0.06880200002342463
4.4,CH1,BI,Remove + Greedy Repair + RE,CH1 + BI + Remove + Greedy Repair + RE,4390.0,513.0,494.0,788.663967611336,3.8461538461538463,True,36,0.005688799894414842,0.30204660003073514
4.4,CH2,FI,Remove + Greedy Repair + RE,CH2 + FI + Remove + Greedy Repair + RE,548.0,504.0,494.0,10.931174089068826,2.0242914979757085,True,4,0.01851239998359233,0.015926099964417517
4.4,CH2,BI,Remove + Greedy Repair + RE,CH2 + BI + Remove + Greedy Repair + RE,548.0,499.0,494.0,10.931174089068826,1.0121457489878543,True,2,0.01851239998359233,0.03765229997225106
4.4,CH3,FI,Remove + Greedy Repair + RE,CH3 + FI + Remove + Greedy Repair + RE,591.0,499.0,494.0,19.635627530364374,1.0121457489878543,True,14,0.006802899995818734,0.029518199968151748
4.4,CH3,BI,Remove + Greedy Repair + RE,CH3 + BI + Remove + Greedy Repair + RE,591.0,503.0,494.0,19.635627530364374,1.8218623481781377,True,6,0.006802899995818734,0.059109200024977326
4.4,CH1+RE,FI,Remove + Greedy Repair + RE,CH1+RE + FI + Remove + Greedy Repair + RE,3468.0,509.0,494.0,602.0242914979757,3.0364372469635628,True,69,0.008300999877974391,0.09352919994853437
4.4,CH1+RE,BI,Remove + Greedy Repair + RE,CH1+RE + BI + Remove + Greedy Repair + RE,3468.0,512.0,494.0,602.0242914979757,3.6437246963562755,True,35,0.008300999877974391,0.3530763000017032
4.5,CH1,FI,1-1 Swap + RE,CH1 + FI + 1-1 Swap + RE,3840.0,1768.0,512.0,650.0,245.3125,True,54,0.0037100999616086483,0.06043870002031326
4.5,CH1,BI,1-1 Swap + RE,CH1 + BI + 1-1 Swap + RE,3840.0,1469.0,512.0,650.0,186.9140625,True,31,0.0037100999616086483,0.0843578000785783
4.5,CH2,FI,1-1 Swap + RE,CH2 + FI + 1-1 Swap + RE,577.0,541.0,512.0,12.6953125,5.6640625,True,1,0.009774400037713349,0.009584299987182021
4.5,CH2,BI,1-1 Swap + RE,CH2 + BI + 1-1 Swap + RE,577.0,514.0,512.0,12.6953125,0.390625,True,1,0.009774400037713349,0.04757860000245273
4.5,CH3,FI,1-1 Swap + RE,CH3 + FI + 1-1 Swap + RE,628.0,570.0,512.0,22.65625,11.328125,True,9,0.00541380001232028,0.045990999904461205
4.5,CH3,BI,1-1 Swap + RE,CH3 + BI + 1-1 Swap + RE,628.0,560.0,512.0,22.65625,9.375,True,4,0.00541380001232028,0.016482600010931492
4.5,CH1+RE,FI,1-1 Swap + RE,CH1+RE + FI + 1-1 Swap + RE,3035.0,1644.0,512.0,492.7734375,221.09375,True,59,0.004702999955043197,0.11074499995447695
4.5,CH1+RE,BI,1-1 Swap + RE,CH1+RE + BI + 1-1 Swap + RE,3035.0,1469.0,512.0,492.7734375,186.9140625,True,31,0.004702999955043197,0.09336220007389784
4.5,CH1,FI,Remove + Greedy Repair + RE,CH1 + FI + Remove + Greedy Repair + RE,3840.0,527.0,512.0,650.0,2.9296875,True,57,0.0037100999616086483,0.11076389998197556
4.5,CH1,BI,Remove + Greedy Repair + RE,CH1 + BI + Remove + Greedy Repair + RE,3840.0,527.0,512.0,650.0,2.9296875,True,36,0.0037100999616086483,0.5535439000232145
4.5,CH2,FI,Remove + Greedy Repair + RE,CH2 + FI + Remove + Greedy Repair + RE,577.0,518.0,512.0,12.6953125,1.171875,True,2,0.009774400037713349,0.06115039996802807
4.5,CH2,BI,Remove + Greedy Repair + RE,CH2 + BI + Remove + Greedy Repair + RE,577.0,514.0,512.0,12.6953125,0.390625,True,1,0.009774400037713349,0.05344600009266287
4.5,CH3,FI,Remove + Greedy Repair + RE,CH3 + FI + Remove + Greedy Repair + RE,628.0,543.0,512.0,22.65625,6.0546875,True,5,0.00541380001232028,0.04580189997795969
4.5,CH3,BI,Remove + Greedy Repair + RE,CH3 + BI + Remove + Greedy Repair + RE,628.0,543.0,512.0,22.65625,6.0546875,True,4,0.00541380001232028,0.04070269991643727
4.5,CH1+RE,FI,Remove + Greedy Repair + RE,CH1+RE + FI + Remove + Greedy Repair + RE,3035.0,525.0,512.0,492.7734375,2.5390625,True,58,0.004702999955043197,0.07677919999696314
4.5,CH1+RE,BI,Remove + Greedy Repair + RE,CH1+RE + BI + Remove + Greedy Repair + RE,3035.0,527.0,512.0,492.7734375,2.9296875,True,36,0.004702999955043197,0.3502149999840185
4.6,CH1,FI,1-1 Swap + RE,CH1 + FI + 1-1 Swap + RE,4389.0,1797.0,560.0,683.75,220.89285714285714,True,55,0.0017840999644249678,0.1435895999893546
4.6,CH1,BI,1-1 Swap + RE,CH1 + BI + 1-1 Swap + RE,4389.0,1927.0,560.0,683.75,244.10714285714286,True,18,0.0017840999644249678,0.21677059994544834
4.6,CH2,FI,1-1 Swap + RE,CH2 + FI + 1-1 Swap + RE,615.0,595.0,560.0,9.821428571428571,6.25,True,4,0.01021430001128465,0.007986300042830408
4.6,CH2,BI,1-1 Swap + RE,CH2 + BI + 1-1 Swap + RE,615.0,562.0,560.0,9.821428571428571,0.35714285714285715,True,6,0.01021430001128465,0.014957500039599836
4.6,CH3,FI,1-1 Swap + RE,CH3 + FI + 1-1 Swap + RE,668.0,638.0,560.0,19.285714285714285,13.928571428571429,True,3,0.0020413000602275133,0.008198700030334294
4.6,CH3,BI,1-1 Swap + RE,CH3 + BI + 1-1 Swap + RE,668.0,634.0,560.0,19.285714285714285,13.214285714285714,True,2,0.0020413000602275133,0.007312500034458935
4.6,CH1+RE,FI,1-1 Swap + RE,CH1+RE + FI + 1-1 Swap + RE,3453.0,1612.0,560.0,516.6071428571429,187.85714285714286,True,70,0.002617900026962161,0.16305989993270487
4.6,CH1+RE,BI,1-1 Swap + RE,CH1+RE + BI + 1-1 Swap + RE,3453.0,1869.0,560.0,516.6071428571429,233.75,True,23,0.002617900026962161,0.05993390001822263
4.6,CH1,FI,Remove + Greedy Repair + RE,CH1 + FI + Remove + Greedy Repair + RE,4389.0,574.0,560.0,683.75,2.5,True,58,0.0017840999644249678,0.10106290003750473
4.6,CH1,BI,Remove + Greedy Repair + RE,CH1 + BI + Remove + Greedy Repair + RE,4389.0,574.0,560.0,683.75,2.5,True,34,0.0017840999644249678,0.47190350003074855
4.6,CH2,FI,Remove + Greedy Repair + RE,CH2 + FI + Remove + Greedy Repair + RE,615.0,571.0,560.0,9.821428571428571,1.9642857142857142,True,8,0.01021430001128465,0.017925500054843724
4.6,CH2,BI,Remove + Greedy Repair + RE,CH2 + BI + Remove + Greedy Repair + RE,615.0,562.0,560.0,9.821428571428571,0.35714285714285715,True,7,0.01021430001128465,0.06151520006824285
4.6,CH3,FI,Remove + Greedy Repair + RE,CH3 + FI + Remove + Greedy Repair + RE,668.0,591.0,560.0,19.285714285714285,5.535714285714286,True,12,0.0020413000602275133,0.03352830000221729
4.6,CH3,BI,Remove + Greedy Repair + RE,CH3 + BI + Remove + Greedy Repair + RE,668.0,567.0,560.0,19.285714285714285,1.25,True,12,0.0020413000602275133,0.10546649992465973
4.6,CH1+RE,FI,Remove + Greedy Repair + RE,CH1+RE + FI + Remove + Greedy Repair + RE,3453.0,560.0,560.0,516.6071428571429,0.0,True,58,0.002617900026962161,0.08525719994213432
4.6,CH1+RE,BI,Remove + Greedy Repair + RE,CH1+RE + BI + Remove + Greedy Repair + RE,3453.0,574.0,560.0,516.6071428571429,2.5,True,31,0.002617900026962161,0.24367869994603097
4.7,CH1,FI,1-1 Swap + RE,CH1 + FI + 1-1 Swap + RE,4150.0,1456.0,430.0,865.1162790697674,238.6046511627907,True,71,0.0011128000915050507,0.07323420001193881
4.7,CH1,BI,1-1 Swap + RE,CH1 + BI + 1-1 Swap + RE,4150.0,1378.0,430.0,865.1162790697674,220.46511627906978,True,21,0.0011128000915050507,0.042844500043429434
4.7,CH2,FI,1-1 Swap + RE,CH2 + FI + 1-1 Swap + RE,476.0,432.0,430.0,10.69767441860465,0.46511627906976744,True,4,0.008378300000913441,0.008908300078473985
4.7,CH2,BI,1-1 Swap + RE,CH2 + BI + 1-1 Swap + RE,476.0,432.0,430.0,10.69767441860465,0.46511627906976744,True,2,0.008378300000913441,0.004127599997445941
4.7,CH3,FI,1-1 Swap + RE,CH3 + FI + 1-1 Swap + RE,457.0,444.0,430.0,6.27906976744186,3.255813953488372,True,4,0.0020526001462712884,0.006284900009632111
4.7,CH3,BI,1-1 Swap + RE,CH3 + BI + 1-1 Swap + RE,457.0,441.0,430.0,6.27906976744186,2.558139534883721,True,3,0.0020526001462712884,0.006320500047877431
4.7,CH1+RE,FI,1-1 Swap + RE,CH1+RE + FI + 1-1 Swap + RE,3310.0,1479.0,430.0,669.7674418604652,243.95348837209303,True,56,0.00196050014346838,0.06280219997279346
4.7,CH1+RE,BI,1-1 Swap + RE,CH1+RE + BI + 1-1 Swap + RE,3310.0,1312.0,430.0,669.7674418604652,205.11627906976744,True,29,0.00196050014346838,0.04950139997527003
4.7,CH1,FI,Remove + Greedy Repair + RE,CH1 + FI + Remove + Greedy Repair + RE,4150.0,443.0,430.0,865.1162790697674,3.0232558139534884,True,52,0.0011128000915050507,0.04470790002960712
4.7,CH1,BI,Remove + Greedy Repair + RE,CH1 + BI + Remove + Greedy Repair + RE,4150.0,440.0,430.0,865.1162790697674,2.3255813953488373,True,35,0.0011128000915050507,0.26484469999559224
4.7,CH2,FI,Remove + Greedy Repair + RE,CH2 + FI + Remove + Greedy Repair + RE,476.0,438.0,430.0,10.69767441860465,1.8604651162790697,True,4,0.008378300000913441,0.017241799971088767
4.7,CH2,BI,Remove + Greedy Repair + RE,CH2 + BI + Remove + Greedy Repair + RE,476.0,432.0,430.0,10.69767441860465,0.46511627906976744,True,2,0.008378300000913441,0.030200199922546744
4.7,CH3,FI,Remove + Greedy Repair + RE,CH3 + FI + Remove + Greedy Repair + RE,457.0,438.0,430.0,6.27906976744186,1.8604651162790697,True,3,0.0020526001462712884,0.020774099975824356
4.7,CH3,BI,Remove + Greedy Repair + RE,CH3 + BI + Remove + Greedy Repair + RE,457.0,434.0,430.0,6.27906976744186,0.9302325581395349,True,4,0.0020526001462712884,0.04127289995085448
4.7,CH1+RE,FI,Remove + Greedy Repair + RE,CH1+RE + FI + Remove + Greedy Repair + RE,3310.0,433.0,430.0,669.7674418604652,0.6976744186046512,True,61,0.00196050014346838,0.051333699957467616
4.7,CH1+RE,BI,Remove + Greedy Repair + RE,CH1+RE + BI + Remove + Greedy Repair + RE,3310.0,440.0,430.0,669.7674418604652,2.3255813953488373,True,33,0.00196050014346838,0.31601599999703467
4.8,CH1,FI,1-1 Swap + RE,CH1 + FI + 1-1 Swap + RE,4180.0,1107.0,492.0,749.5934959349594,125.0,True,76,0.0010803999612107873,0.0721188000170514
4.8,CH1,BI,1-1 Swap + RE,CH1 + BI + 1-1 Swap + RE,4180.0,1880.0,492.0,749.5934959349594,282.1138211382114,True,25,0.0010803999612107873,0.1930840000277385
4.8,CH2,FI,1-1 Swap + RE,CH2 + FI + 1-1 Swap + RE,533.0,503.0,492.0,8.333333333333334,2.2357723577235773,True,7,0.011753100086934865,0.011031600064598024
4.8,CH2,BI,1-1 Swap + RE,CH2 + BI + 1-1 Swap + RE,533.0,498.0,492.0,8.333333333333334,1.2195121951219512,True,6,0.011753100086934865,0.010747299995273352
4.8,CH3,FI,1-1 Swap + RE,CH3 + FI + 1-1 Swap + RE,555.0,518.0,492.0,12.804878048780488,5.284552845528455,True,6,0.0019453000277280807,0.008570800069719553
4.8,CH3,BI,1-1 Swap + RE,CH3 + BI + 1-1 Swap + RE,555.0,522.0,492.0,12.804878048780488,6.097560975609756,True,3,0.0019453000277280807,0.004854899947531521
4.8,CH1+RE,FI,1-1 Swap + RE,CH1+RE + FI + 1-1 Swap + RE,3239.0,1094.0,492.0,558.3333333333334,122.35772357723577,True,83,0.0016629999736323953,0.06755839998368174
4.8,CH1+RE,BI,1-1 Swap + RE,CH1+RE + BI + 1-1 Swap + RE,3239.0,1750.0,492.0,558.3333333333334,255.6910569105691,True,20,0.0016629999736323953,0.027980400016531348
4.8,CH1,FI,Remove + Greedy Repair + RE,CH1 + FI + Remove + Greedy Repair + RE,4180.0,503.0,492.0,749.5934959349594,2.2357723577235773,True,54,0.0010803999612107873,0.04978090000804514
4.8,CH1,BI,Remove + Greedy Repair + RE,CH1 + BI + Remove + Greedy Repair + RE,4180.0,499.0,492.0,749.5934959349594,1.4227642276422765,True,38,0.0010803999612107873,0.3579194999765605
4.8,CH2,FI,Remove + Greedy Repair + RE,CH2 + FI + Remove + Greedy Repair + RE,533.0,493.0,492.0,8.333333333333334,0.2032520325203252,True,10,0.011753100086934865,0.040319700026884675
4.8,CH2,BI,Remove + Greedy Repair + RE,CH2 + BI + Remove + Greedy Repair + RE,533.0,493.0,492.0,8.333333333333334,0.2032520325203252,True,6,0.011753100086934865,0.06308779993560165
4.8,CH3,FI,Remove + Greedy Repair + RE,CH3 + FI + Remove + Greedy Repair + RE,555.0,503.0,492.0,12.804878048780488,2.2357723577235773,True,2,0.0019453000277280807,0.013572599971666932
4.8,CH3,BI,Remove + Greedy Repair + RE,CH3 + BI + Remove + Greedy Repair + RE,555.0,503.0,492.0,12.804878048780488,2.2357723577235773,True,2,0.0019453000277280807,0.026064599980600178
4.8,CH1+RE,FI,Remove + Greedy Repair + RE,CH1+RE + FI + Remove + Greedy Repair + RE,3239.0,495.0,492.0,558.3333333333334,0.6097560975609756,True,56,0.0016629999736323953,0.05885849997866899
4.8,CH1+RE,BI,Remove + Greedy Repair + RE,CH1+RE + BI + Remove + Greedy Repair + RE,3239.0,492.0,492.0,558.3333333333334,0.0,True,40,0.0016629999736323953,0.4813401000574231
4.9,CH1,FI,1-1 Swap + RE,CH1 + FI + 1-1 Swap + RE,3955.0,2059.0,641.0,517.0046801872074,221.21684867394697,True,52,0.001590200001373887,0.10483770002610981
4.9,CH1,BI,1-1 Swap + RE,CH1 + BI + 1-1 Swap + RE,3955.0,1801.0,641.0,517.0046801872074,180.96723868954757,True,21,0.001590200001373887,0.104785600095056
4.9,CH2,FI,1-1 Swap + RE,CH2 + FI + 1-1 Swap + RE,747.0,678.0,641.0,16.536661466458657,5.772230889235569,True,5,0.013442500028759241,0.020069099962711334
4.9,CH2,BI,1-1 Swap + RE,CH2 + BI + 1-1 Swap + RE,747.0,657.0,641.0,16.536661466458657,2.49609984399376,True,4,0.013442500028759241,0.030016900040209293
4.9,CH3,FI,1-1 Swap + RE,CH3 + FI + 1-1 Swap + RE,768.0,721.0,641.0,19.81279251170047,12.480499219968799,True,12,0.0020571999484673142,0.022143399924971163
4.9,CH3,BI,1-1 Swap + RE,CH3 + BI + 1-1 Swap + RE,768.0,705.0,641.0,19.81279251170047,9.98439937597504,True,8,0.0020571999484673142,0.024850300047546625
4.9,CH1+RE,FI,1-1 Swap + RE,CH1+RE + FI + 1-1 Swap + RE,3328.0,1647.0,641.0,419.18876755070204,156.94227769110765,True,61,0.00319279998075217,0.0997527000727132
4.9,CH1+RE,BI,1-1 Swap + RE,CH1+RE + BI + 1-1 Swap + RE,3328.0,1801.0,641.0,419.18876755070204,180.96723868954757,True,21,0.00319279998075217,0.040151799912564456
4.9,CH1,FI,Remove + Greedy Repair + RE,CH1 + FI + Remove + Greedy Repair + RE,3955.0,692.0,641.0,517.0046801872074,7.956318252730109,True,53,0.001590200001373887,0.08508470002561808
4.9,CH1,BI,Remove + Greedy Repair + RE,CH1 + BI + Remove + Greedy Repair + RE,3955.0,688.0,641.0,517.0046801872074,7.332293291731669,True,36,0.001590200001373887,0.35517669992987067
4.9,CH2,FI,Remove + Greedy Repair + RE,CH2 + FI + Remove + Greedy Repair + RE,747.0,657.0,641.0,16.536661466458657,2.49609984399376,True,6,0.013442500028759241,0.022426399984396994
4.9,CH2,BI,Remove + Greedy Repair + RE,CH2 + BI + Remove + Greedy Repair + RE,747.0,655.0,641.0,16.536661466458657,2.1840873634945397,True,4,0.013442500028759241,0.051544200046919286
4.9,CH3,FI,Remove + Greedy Repair + RE,CH3 + FI + Remove + Greedy Repair + RE,768.0,650.0,641.0,19.81279251170047,1.4040561622464898,True,17,0.0020571999484673142,0.04099570005200803
4.9,CH3,BI,Remove + Greedy Repair + RE,CH3 + BI + Remove + Greedy Repair + RE,768.0,650.0,641.0,19.81279251170047,1.4040561622464898,True,11,0.0020571999484673142,0.14055580005515367
4.9,CH1+RE,FI,Remove + Greedy Repair + RE,CH1+RE + FI + Remove + Greedy Repair + RE,3328.0,687.0,641.0,419.18876755070204,7.176287051482059,True,58,0.00319279998075217,0.07650800002738833
4.9,CH1+RE,BI,Remove + Greedy Repair + RE,CH1+RE + BI + Remove + Greedy Repair + RE,3328.0,688.0,641.0,419.18876755070204,7.332293291731669,True,36,0.00319279998075217,0.28910120006185025
5.1,CH1,FI,1-1 Swap + RE,CH1 + FI + 1-1 Swap + RE,3938.0,1524.0,253.0,1456.5217391304348,502.3715415019763,True,54,0.001130899996496737,0.09282370004802942
5.1,CH1,BI,1-1 Swap + RE,CH1 + BI + 1-1 Swap + RE,3938.0,1484.0,253.0,1456.5217391304348,486.5612648221344,True,19,0.001130899996496737,0.2394564999267459
5.1,CH2,FI,1-1 Swap + RE,CH2 + FI + 1-1 Swap + RE,289.0,263.0,253.0,14.229249011857707,3.952569169960474,True,5,0.016563600045628846,0.010145099950022995
5.1,CH2,BI,1-1 Swap + RE,CH2 + BI + 1-1 Swap + RE,289.0,263.0,253.0,14.229249011857707,3.952569169960474,True,3,0.016563600045628846,0.011999699985608459
5.1,CH3,FI,1-1 Swap + RE,CH3 + FI + 1-1 Swap + RE,305.0,287.0,253.0,20.553359683794465,13.438735177865613,True,7,0.0021653000731021166,0.015534100006334484
5.1,CH3,BI,1-1 Swap + RE,CH3 + BI + 1-1 Swap + RE,305.0,276.0,253.0,20.553359683794465,9.090909090909092,True,4,0.0021653000731021166,0.016333700041286647
5.1,CH1+RE,FI,1-1 Swap + RE,CH1+RE + FI + 1-1 Swap + RE,2867.0,1445.0,253.0,1033.201581027668,471.14624505928856,True,49,0.0017480000387877226,0.07535010005813092
5.1,CH1+RE,BI,1-1 Swap + RE,CH1+RE + BI + 1-1 Swap + RE,2867.0,1484.0,253.0,1033.201581027668,486.5612648221344,True,19,0.0017480000387877226,0.05956780002452433
5.1,CH1,FI,Remove + Greedy Repair + RE,CH1 + FI + Remove + Greedy Repair + RE,3938.0,265.0,253.0,1456.5217391304348,4.743083003952569,True,69,0.001130899996496737,0.09170410002116114
5.1,CH1,BI,Remove + Greedy Repair + RE,CH1 + BI + Remove + Greedy Repair + RE,3938.0,257.0,253.0,1456.5217391304348,1.5810276679841897,True,37,0.001130899996496737,0.4301367000443861
5.1,CH2,FI,Remove + Greedy Repair + RE,CH2 + FI + Remove + Greedy Repair + RE,289.0,268.0,253.0,14.229249011857707,5.928853754940712,True,3,0.016563600045628846,0.022993899998255074
5.1,CH2,BI,Remove + Greedy Repair + RE,CH2 + BI + Remove + Greedy Repair + RE,289.0,268.0,253.0,14.229249011857707,5.928853754940712,True,1,0.016563600045628846,0.022037000046111643
5.1,CH3,FI,Remove + Greedy Repair + RE,CH3 + FI + Remove + Greedy Repair + RE,305.0,264.0,253.0,20.553359683794465,4.3478260869565215,True,8,0.0021653000731021166,0.02923660003580153
5.1,CH3,BI,Remove + Greedy Repair + RE,CH3 + BI + Remove + Greedy Repair + RE,305.0,266.0,253.0,20.553359683794465,5.138339920948616,True,7,0.0021653000731021166,0.08665930002462119
5.1,CH1+RE,FI,Remove + Greedy Repair + RE,CH1+RE + FI + Remove + Greedy Repair + RE,2867.0,266.0,253.0,1033.201581027668,5.138339920948616,True,62,0.0017480000387877226,0.15606649999972433
5.1,CH1+RE,BI,Remove + Greedy Repair + RE,CH1+RE + BI + Remove + Greedy Repair + RE,2867.0,257.0,253.0,1033.201581027668,1.5810276679841897,True,36,0.0017480000387877226,0.3031938999192789
5.2,CH1,FI,1-1 Swap + RE,CH1 + FI + 1-1 Swap + RE,4219.0,1317.0,302.0,1297.0198675496688,336.0927152317881,True,87,0.001652600010856986,0.09001659997738898
5.2,CH1,BI,1-1 Swap + RE,CH1 + BI + 1-1 Swap + RE,4219.0,1502.0,302.0,1297.0198675496688,397.35099337748346,True,28,0.001652600010856986,0.500743699958548
5.2,CH2,FI,1-1 Swap + RE,CH2 + FI + 1-1 Swap + RE,348.0,319.0,302.0,15.2317880794702,5.629139072847682,True,5,0.014544000034220517,0.007771000033244491
5.2,CH2,BI,1-1 Swap + RE,CH2 + BI + 1-1 Swap + RE,348.0,319.0,302.0,15.2317880794702,5.629139072847682,True,3,0.014544000034220517,0.010297700064256787
5.2,CH3,FI,1-1 Swap + RE,CH3 + FI + 1-1 Swap + RE,348.0,337.0,302.0,15.2317880794702,11.589403973509933,True,1,0.0031366999028250575,0.004323399974964559
5.2,CH3,BI,1-1 Swap + RE,CH3 + BI + 1-1 Swap + RE,348.0,332.0,302.0,15.2317880794702,9.933774834437086,True,1,0.0031366999028250575,0.005800800048746169
5.2,CH1+RE,FI,1-1 Swap + RE,CH1+RE + FI + 1-1 Swap + RE,3022.0,1531.0,302.0,900.6622516556291,406.95364238410593,True,67,0.0035782000049948692,0.062889099936001
5.2,CH1+RE,BI,1-1 Swap + RE,CH1+RE + BI + 1-1 Swap + RE,3022.0,1067.0,302.0,900.6622516556291,253.3112582781457,True,39,0.0035782000049948692,0.11430600006133318
5.2,CH1,FI,Remove + Greedy Repair + RE,CH1 + FI + Remove + Greedy Repair + RE,4219.0,313.0,302.0,1297.0198675496688,3.642384105960265,True,70,0.001652600010856986,0.13065359997563064
5.2,CH1,BI,Remove + Greedy Repair + RE,CH1 + BI + Remove + Greedy Repair + RE,4219.0,313.0,302.0,1297.0198675496688,3.642384105960265,True,39,0.001652600010856986,0.3716922999592498
5.2,CH2,FI,Remove + Greedy Repair + RE,CH2 + FI + Remove + Greedy Repair + RE,348.0,312.0,302.0,15.2317880794702,3.3112582781456954,True,13,0.014544000034220517,0.12438649998512119
5.2,CH2,BI,Remove + Greedy Repair + RE,CH2 + BI + Remove + Greedy Repair + RE,348.0,312.0,302.0,15.2317880794702,3.3112582781456954,True,5,0.014544000034220517,0.11389850010164082
5.2,CH3,FI,Remove + Greedy Repair + RE,CH3 + FI + Remove + Greedy Repair + RE,348.0,317.0,302.0,15.2317880794702,4.966887417218543,True,8,0.0031366999028250575,0.04713870002888143
5.2,CH3,BI,Remove + Greedy Repair + RE,CH3 + BI + Remove + Greedy Repair + RE,348.0,317.0,302.0,15.2317880794702,4.966887417218543,True,6,0.0031366999028250575,0.0773629000177607
5.2,CH1+RE,FI,Remove + Greedy Repair + RE,CH1+RE + FI + Remove + Greedy Repair + RE,3022.0,320.0,302.0,900.6622516556291,5.960264900662252,True,70,0.0035782000049948692,0.08781519997864962
5.2,CH1+RE,BI,Remove + Greedy Repair + RE,CH1+RE + BI + Remove + Greedy Repair + RE,3022.0,313.0,302.0,900.6622516556291,3.642384105960265,True,40,0.0035782000049948692,0.6267067999579012
5.3,CH1,FI,1-1 Swap + RE,CH1 + FI + 1-1 Swap + RE,3963.0,1697.0,226.0,1653.5398230088495,650.8849557522124,True,67,0.0020573000656440854,0.19122530007734895
5.3,CH1,BI,1-1 Swap + RE,CH1 + BI + 1-1 Swap + RE,3963.0,1579.0,226.0,1653.5398230088495,598.6725663716815,True,19,0.0020573000656440854,0.15306639997288585
5.3,CH2,FI,1-1 Swap + RE,CH2 + FI + 1-1 Swap + RE,246.0,236.0,226.0,8.849557522123893,4.424778761061947,True,3,0.03119489992968738,0.010806999984197319
5.3,CH2,BI,1-1 Swap + RE,CH2 + BI + 1-1 Swap + RE,246.0,228.0,226.0,8.849557522123893,0.8849557522123894,True,2,0.03119489992968738,0.010892500053159893
5.3,CH3,FI,1-1 Swap + RE,CH3 + FI + 1-1 Swap + RE,255.0,236.0,226.0,12.831858407079647,4.424778761061947,True,5,0.006618099985644221,0.02153370005544275
5.3,CH3,BI,1-1 Swap + RE,CH3 + BI + 1-1 Swap + RE,255.0,236.0,226.0,12.831858407079647,4.424778761061947,True,3,0.006618099985644221,0.019723700010217726
5.3,CH1+RE,FI,1-1 Swap + RE,CH1+RE + FI + 1-1 Swap + RE,3324.0,1198.0,226.0,1370.796460176991,430.08849557522126,True,89,0.003069099970161915,0.1387768000131473
5.3,CH1+RE,BI,1-1 Swap + RE,CH1+RE + BI + 1-1 Swap + RE,3324.0,1651.0,226.0,1370.796460176991,630.5309734513274,True,21,0.003069099970161915,0.061678099911659956
5.3,CH1,FI,Remove + Greedy Repair + RE,CH1 + FI + Remove + Greedy Repair + RE,3963.0,229.0,226.0,1653.5398230088495,1.3274336283185841,True,59,0.0020573000656440854,0.066490099998191
5.3,CH1,BI,Remove + Greedy Repair + RE,CH1 + BI + Remove + Greedy Repair + RE,3963.0,231.0,226.0,1653.5398230088495,2.2123893805309733,True,35,0.0020573000656440854,0.36351299996022135
5.3,CH2,FI,Remove + Greedy Repair + RE,CH2 + FI + Remove + Greedy Repair + RE,246.0,229.0,226.0,8.849557522123893,1.3274336283185841,True,3,0.03119489992968738,0.01880429999437183
5.3,CH2,BI,Remove + Greedy Repair + RE,CH2 + BI + Remove + Greedy Repair + RE,246.0,229.0,226.0,8.849557522123893,1.3274336283185841,True,1,0.03119489992968738,0.03743390005547553
5.3,CH3,FI,Remove + Greedy Repair + RE,CH3 + FI + Remove + Greedy Repair + RE,255.0,226.0,226.0,12.831858407079647,0.0,True,9,0.006618099985644221,0.06417699996381998
5.3,CH3,BI,Remove + Greedy Repair + RE,CH3 + BI + Remove + Greedy Repair + RE,255.0,226.0,226.0,12.831858407079647,0.0,True,7,0.006618099985644221,0.0863660000031814
5.3,CH1+RE,FI,Remove + Greedy Repair + RE,CH1+RE + FI + Remove + Greedy Repair + RE,3324.0,232.0,226.0,1370.796460176991,2.6548672566371683,True,53,0.003069099970161915,0.08415930008050054
5.3,CH1+RE,BI,Remove + Greedy Repair + RE,CH1+RE + BI + Remove + Greedy Repair + RE,3324.0,231.0,226.0,1370.796460176991,2.2123893805309733,True,34,0.003069099970161915,0.3905328999971971
5.4,CH1,FI,1-1 Swap + RE,CH1 + FI + 1-1 Swap + RE,3869.0,1148.0,242.0,1498.7603305785124,374.3801652892562,True,72,0.0037581000942736864,0.20859359996393323
5.4,CH1,BI,1-1 Swap + RE,CH1 + BI + 1-1 Swap + RE,3869.0,1000.0,242.0,1498.7603305785124,313.22314049586777,True,38,0.0037581000942736864,0.1878494000993669
5.4,CH2,FI,1-1 Swap + RE,CH2 + FI + 1-1 Swap + RE,265.0,245.0,242.0,9.50413223140496,1.2396694214876034,True,5,0.018747400026768446,0.016363400034606457
5.4,CH2,BI,1-1 Swap + RE,CH2 + BI + 1-1 Swap + RE,265.0,245.0,242.0,9.50413223140496,1.2396694214876034,True,2,0.018747400026768446,0.0092762999702245
5.4,CH3,FI,1-1 Swap + RE,CH3 + FI + 1-1 Swap + RE,272.0,255.0,242.0,12.396694214876034,5.371900826446281,True,5,0.004663600120693445,0.013015200034715235
5.4,CH3,BI,1-1 Swap + RE,CH3 + BI + 1-1 Swap + RE,272.0,250.0,242.0,12.396694214876034,3.3057851239669422,True,5,0.004663600120693445,0.017821200075559318
5.4,CH1+RE,FI,1-1 Swap + RE,CH1+RE + FI + 1-1 Swap + RE,2908.0,1245.0,242.0,1101.6528925619834,414.46280991735534,True,55,0.0045596001436933875,0.07332560000941157
5.4,CH1+RE,BI,1-1 Swap + RE,CH1+RE + BI + 1-1 Swap + RE,2908.0,1000.0,242.0,1101.6528925619834,313.22314049586777,True,38,0.0045596001436933875,0.09366599994245917
5.4,CH1,FI,Remove + Greedy Repair + RE,CH1 + FI + Remove + Greedy Repair + RE,3869.0,242.0,242.0,1498.7603305785124,0.0,True,57,0.0037581000942736864,0.04340749990660697
5.4,CH1,BI,Remove + Greedy Repair + RE,CH1 + BI + Remove + Greedy Repair + RE,3869.0,242.0,242.0,1498.7603305785124,0.0,True,39,0.0037581000942736864,0.3709816000191495
5.4,CH2,FI,Remove + Greedy Repair + RE,CH2 + FI + Remove + Greedy Repair + RE,265.0,242.0,242.0,9.50413223140496,0.0,True,6,0.018747400026768446,0.043924300000071526
5.4,CH2,BI,Remove + Greedy Repair + RE,CH2 + BI + Remove + Greedy Repair + RE,265.0,242.0,242.0,9.50413223140496,0.0,True,4,0.018747400026768446,0.07021380006335676
5.4,CH3,FI,Remove + Greedy Repair + RE,CH3 + FI + Remove + Greedy Repair + RE,272.0,243.0,242.0,12.396694214876034,0.4132231404958678,True,7,0.004663600120693445,0.026297900010831654
5.4,CH3,BI,Remove + Greedy Repair + RE,CH3 + BI + Remove + Greedy Repair + RE,272.0,243.0,242.0,12.396694214876034,0.4132231404958678,True,7,0.004663600120693445,0.08696860005147755
5.4,CH1+RE,FI,Remove + Greedy Repair + RE,CH1+RE + FI + Remove + Greedy Repair + RE,2908.0,242.0,242.0,1101.6528925619834,0.0,True,61,0.0045596001436933875,0.07239590003155172
5.4,CH1+RE,BI,Remove + Greedy Repair + RE,CH1+RE + BI + Remove + Greedy Repair + RE,2908.0,242.0,242.0,1101.6528925619834,0.0,True,38,0.0045596001436933875,0.37912759999744594
5.5,CH1,FI,1-1 Swap + RE,CH1 + FI + 1-1 Swap + RE,4185.0,1236.0,211.0,1883.4123222748815,485.78199052132703,True,74,0.001194500015117228,0.09525460004806519
5.5,CH1,BI,1-1 Swap + RE,CH1 + BI + 1-1 Swap + RE,4185.0,1505.0,211.0,1883.4123222748815,613.2701421800948,True,21,0.001194500015117228,0.4629645999521017
5.5,CH2,FI,1-1 Swap + RE,CH2 + FI + 1-1 Swap + RE,236.0,212.0,211.0,11.848341232227488,0.47393364928909953,True,2,0.018475999939255416,0.018016799935139716
5.5,CH2,BI,1-1 Swap + RE,CH2 + BI + 1-1 Swap + RE,236.0,212.0,211.0,11.848341232227488,0.47393364928909953,True,1,0.018475999939255416,0.023014500038698316
5.5,CH3,FI,1-1 Swap + RE,CH3 + FI + 1-1 Swap + RE,252.0,238.0,211.0,19.43127962085308,12.796208530805687,True,2,0.002634800039231777,0.013864499982446432
5.5,CH3,BI,1-1 Swap + RE,CH3 + BI + 1-1 Swap + RE,252.0,235.0,211.0,19.43127962085308,11.374407582938389,True,2,0.002634800039231777,0.014146999921649694
5.5,CH1+RE,FI,1-1 Swap + RE,CH1+RE + FI + 1-1 Swap + RE,3164.0,1322.0,211.0,1399.5260663507108,526.5402843601896,True,83,0.0022730000782757998,0.1518379000481218
5.5,CH1+RE,BI,1-1 Swap + RE,CH1+RE + BI + 1-1 Swap + RE,3164.0,1505.0,211.0,1399.5260663507108,613.2701421800948,True,21,0.0022730000782757998,0.09705680003389716
5.5,CH1,FI,Remove + Greedy Repair + RE,CH1 + FI + Remove + Greedy Repair + RE,4185.0,215.0,211.0,1883.4123222748815,1.8957345971563981,True,56,0.001194500015117228,0.06424670002888888
5.5,CH1,BI,Remove + Greedy Repair + RE,CH1 + BI + Remove + Greedy Repair + RE,4185.0,212.0,211.0,1883.4123222748815,0.47393364928909953,True,43,0.001194500015117228,0.5094825000269338
5.5,CH2,FI,Remove + Greedy Repair + RE,CH2 + FI + Remove + Greedy Repair + RE,236.0,212.0,211.0,11.848341232227488,0.47393364928909953,True,2,0.018475999939255416,0.038126899977214634
5.5,CH2,BI,Remove + Greedy Repair + RE,CH2 + BI + Remove + Greedy Repair + RE,236.0,212.0,211.0,11.848341232227488,0.47393364928909953,True,1,0.018475999939255416,0.0649712000740692
5.5,CH3,FI,Remove + Greedy Repair + RE,CH3 + FI + Remove + Greedy Repair + RE,252.0,212.0,211.0,19.43127962085308,0.47393364928909953,True,12,0.002634800039231777,0.038660099962726235
5.5,CH3,BI,Remove + Greedy Repair + RE,CH3 + BI + Remove + Greedy Repair + RE,252.0,212.0,211.0,19.43127962085308,0.47393364928909953,True,4,0.002634800039231777,0.060526100103743374
5.5,CH1+RE,FI,Remove + Greedy Repair + RE,CH1+RE + FI + Remove + Greedy Repair + RE,3164.0,212.0,211.0,1399.5260663507108,0.47393364928909953,True,63,0.0022730000782757998,0.07877939997706562
5.5,CH1+RE,BI,Remove + Greedy Repair + RE,CH1+RE + BI + Remove + Greedy Repair + RE,3164.0,212.0,211.0,1399.5260663507108,0.47393364928909953,True,37,0.0022730000782757998,0.3106111000524834
5.6,CH1,FI,1-1 Swap + RE,CH1 + FI + 1-1 Swap + RE,4132.0,1080.0,213.0,1839.906103286385,407.0422535211268,True,73,0.0012401000130921602,0.06979079998563975
5.6,CH1,BI,1-1 Swap + RE,CH1 + BI + 1-1 Swap + RE,4132.0,1588.0,213.0,1839.906103286385,645.5399061032864,True,20,0.0012401000130921602,0.5584847000427544
5.6,CH2,FI,1-1 Swap + RE,CH2 + FI + 1-1 Swap + RE,251.0,216.0,213.0,17.84037558685446,1.408450704225352,True,4,0.01633899996522814,0.01804719993378967
5.6,CH2,BI,1-1 Swap + RE,CH2 + BI + 1-1 Swap + RE,251.0,216.0,213.0,17.84037558685446,1.408450704225352,True,2,0.01633899996522814,0.0108644999563694
5.6,CH3,FI,1-1 Swap + RE,CH3 + FI + 1-1 Swap + RE,239.0,213.0,213.0,12.206572769953052,0.0,True,6,0.0029058000072836876,0.02455600001849234
5.6,CH3,BI,1-1 Swap + RE,CH3 + BI + 1-1 Swap + RE,239.0,214.0,213.0,12.206572769953052,0.4694835680751174,True,3,0.0029058000072836876,0.01590230001602322
5.6,CH1+RE,FI,1-1 Swap + RE,CH1+RE + FI + 1-1 Swap + RE,3065.0,1464.0,213.0,1338.9671361502346,587.3239436619718,True,67,0.0019277000101283193,0.19219680002424866
5.6,CH1+RE,BI,1-1 Swap + RE,CH1+RE + BI + 1-1 Swap + RE,3065.0,1588.0,213.0,1338.9671361502346,645.5399061032864,True,20,0.0019277000101283193,0.0815465000923723
5.6,CH1,FI,Remove + Greedy Repair + RE,CH1 + FI + Remove + Greedy Repair + RE,4132.0,225.0,213.0,1839.906103286385,5.633802816901408,True,57,0.0012401000130921602,0.07654649997130036
5.6,CH1,BI,Remove + Greedy Repair + RE,CH1 + BI + Remove + Greedy Repair + RE,4132.0,219.0,213.0,1839.906103286385,2.816901408450704,True,32,0.0012401000130921602,0.33591660007368773
5.6,CH2,FI,Remove + Greedy Repair + RE,CH2 + FI + Remove + Greedy Repair + RE,251.0,222.0,213.0,17.84037558685446,4.225352112676056,True,6,0.01633899996522814,0.04191769997123629
5.6,CH2,BI,Remove + Greedy Repair + RE,CH2 + BI + Remove + Greedy Repair + RE,251.0,223.0,213.0,17.84037558685446,4.694835680751174,True,1,0.01633899996522814,0.03808739990927279
5.6,CH3,FI,Remove + Greedy Repair + RE,CH3 + FI + Remove + Greedy Repair + RE,239.0,219.0,213.0,12.206572769953052,2.816901408450704,True,5,0.0029058000072836876,0.016960299923084676
5.6,CH3,BI,Remove + Greedy Repair + RE,CH3 + BI + Remove + Greedy Repair + RE,239.0,219.0,213.0,12.206572769953052,2.816901408450704,True,2,0.0029058000072836876,0.03943849995266646
5.6,CH1+RE,FI,Remove + Greedy Repair + RE,CH1+RE + FI + Remove + Greedy Repair + RE,3065.0,224.0,213.0,1338.9671361502346,5.164319248826291,True,59,0.0019277000101283193,0.11084089998621494
5.6,CH1+RE,BI,Remove + Greedy Repair + RE,CH1+RE + BI + Remove + Greedy Repair + RE,3065.0,219.0,213.0,1338.9671361502346,2.816901408450704,True,32,0.0019277000101283193,0.43927160010207444
5.7,CH1,FI,1-1 Swap + RE,CH1 + FI + 1-1 Swap + RE,4290.0,1452.0,293.0,1364.1638225255972,395.56313993174064,True,74,0.0013813000405207276,0.1506525999866426
5.7,CH1,BI,1-1 Swap + RE,CH1 + BI + 1-1 Swap + RE,4290.0,1819.0,293.0,1364.1638225255972,520.8191126279863,True,14,0.0013813000405207276,0.141962599940598
5.7,CH2,FI,1-1 Swap + RE,CH2 + FI + 1-1 Swap + RE,326.0,300.0,293.0,11.262798634812286,2.3890784982935154,True,5,0.014416999998502433,0.011794100049883127
5.7,CH2,BI,1-1 Swap + RE,CH2 + BI + 1-1 Swap + RE,326.0,300.0,293.0,11.262798634812286,2.3890784982935154,True,3,0.014416999998502433,0.022979400004260242
5.7,CH3,FI,1-1 Swap + RE,CH3 + FI + 1-1 Swap + RE,327.0,317.0,293.0,11.604095563139932,8.19112627986348,True,5,0.0031244998099282384,0.01095050002913922
5.7,CH3,BI,1-1 Swap + RE,CH3 + BI + 1-1 Swap + RE,327.0,317.0,293.0,11.604095563139932,8.19112627986348,True,3,0.0031244998099282384,0.01080560008995235
5.7,CH1+RE,FI,1-1 Swap + RE,CH1+RE + FI + 1-1 Swap + RE,3319.0,1610.0,293.0,1032.7645051194538,449.48805460750856,True,58,0.00213489995803684,0.06960589997470379
5.7,CH1+RE,BI,1-1 Swap + RE,CH1+RE + BI + 1-1 Swap + RE,3319.0,1819.0,293.0,1032.7645051194538,520.8191126279863,True,14,0.00213489995803684,0.042747800005599856
5.7,CH1,FI,Remove + Greedy Repair + RE,CH1 + FI + Remove + Greedy Repair + RE,4290.0,299.0,293.0,1364.1638225255972,2.04778156996587,True,56,0.0013813000405207276,0.05296260002069175
5.7,CH1,BI,Remove + Greedy Repair + RE,CH1 + BI + Remove + Greedy Repair + RE,4290.0,299.0,293.0,1364.1638225255972,2.04778156996587,True,41,0.0013813000405207276,0.3565411000745371
5.7,CH2,FI,Remove + Greedy Repair + RE,CH2 + FI + Remove + Greedy Repair + RE,326.0,303.0,293.0,11.262798634812286,3.4129692832764507,True,4,0.014416999998502433,0.018994699930772185
5.7,CH2,BI,Remove + Greedy Repair + RE,CH2 + BI + Remove + Greedy Repair + RE,326.0,300.0,293.0,11.262798634812286,2.3890784982935154,True,3,0.014416999998502433,0.037302999990060925
5.7,CH3,FI,Remove + Greedy Repair + RE,CH3 + FI + Remove + Greedy Repair + RE,327.0,303.0,293.0,11.604095563139932,3.4129692832764507,True,10,0.0031244998099282384,0.0308216999983415
5.7,CH3,BI,Remove + Greedy Repair + RE,CH3 + BI + Remove + Greedy Repair + RE,327.0,303.0,293.0,11.604095563139932,3.4129692832764507,True,6,0.0031244998099282384,0.07550260005518794
5.7,CH1+RE,FI,Remove + Greedy Repair + RE,CH1+RE + FI + Remove + Greedy Repair + RE,3319.0,304.0,293.0,1032.7645051194538,3.7542662116040955,True,53,0.00213489995803684,0.09631139994598925
5.7,CH1+RE,BI,Remove + Greedy Repair + RE,CH1+RE + BI + Remove + Greedy Repair + RE,3319.0,299.0,293.0,1032.7645051194538,2.04778156996587,True,39,0.00213489995803684,0.41943310003262013
5.8,CH1,FI,1-1 Swap + RE,CH1 + FI + 1-1 Swap + RE,4297.0,1251.0,288.0,1392.013888888889,334.375,True,101,0.001165200024843216,0.23264359997119755
5.8,CH1,BI,1-1 Swap + RE,CH1 + BI + 1-1 Swap + RE,4297.0,1597.0,288.0,1392.013888888889,454.5138888888889,True,29,0.001165200024843216,0.10249399999156594
5.8,CH2,FI,1-1 Swap + RE,CH2 + FI + 1-1 Swap + RE,323.0,300.0,288.0,12.152777777777779,4.166666666666667,True,5,0.020205099950544536,0.015168200014159083
5.8,CH2,BI,1-1 Swap + RE,CH2 + BI + 1-1 Swap + RE,323.0,302.0,288.0,12.152777777777779,4.861111111111111,True,5,0.020205099950544536,0.018174099968746305
5.8,CH3,FI,1-1 Swap + RE,CH3 + FI + 1-1 Swap + RE,308.0,293.0,288.0,6.944444444444445,1.7361111111111112,True,5,0.0022493998985737562,0.015081800054758787
5.8,CH3,BI,1-1 Swap + RE,CH3 + BI + 1-1 Swap + RE,308.0,293.0,288.0,6.944444444444445,1.7361111111111112,True,5,0.0022493998985737562,0.014008200028911233
5.8,CH1+RE,FI,1-1 Swap + RE,CH1+RE + FI + 1-1 Swap + RE,3263.0,1291.0,288.0,1032.986111111111,348.2638888888889,True,78,0.0017908000154420733,0.07705980003811419
5.8,CH1+RE,BI,1-1 Swap + RE,CH1+RE + BI + 1-1 Swap + RE,3263.0,1597.0,288.0,1032.986111111111,454.5138888888889,True,29,0.0017908000154420733,0.06911519996356219
5.8,CH1,FI,Remove + Greedy Repair + RE,CH1 + FI + Remove + Greedy Repair + RE,4297.0,294.0,288.0,1392.013888888889,2.0833333333333335,True,57,0.001165200024843216,0.06649730005301535
5.8,CH1,BI,Remove + Greedy Repair + RE,CH1 + BI + Remove + Greedy Repair + RE,4297.0,295.0,288.0,1392.013888888889,2.4305555555555554,True,38,0.001165200024843216,0.36451450001914054
5.8,CH2,FI,Remove + Greedy Repair + RE,CH2 + FI + Remove + Greedy Repair + RE,323.0,301.0,288.0,12.152777777777779,4.513888888888889,True,6,0.020205099950544536,0.055976999923586845
5.8,CH2,BI,Remove + Greedy Repair + RE,CH2 + BI + Remove + Greedy Repair + RE,323.0,297.0,288.0,12.152777777777779,3.125,True,5,0.020205099950544536,0.09429919999092817
5.8,CH3,FI,Remove + Greedy Repair + RE,CH3 + FI + Remove + Greedy Repair + RE,308.0,290.0,288.0,6.944444444444445,0.6944444444444444,True,7,0.0022493998985737562,0.026260700076818466
5.8,CH3,BI,Remove + Greedy Repair + RE,CH3 + BI + Remove + Greedy Repair + RE,308.0,290.0,288.0,6.944444444444445,0.6944444444444444,True,6,0.0022493998985737562,0.06775050004944205
5.8,CH1+RE,FI,Remove + Greedy Repair + RE,CH1+RE + FI + Remove + Greedy Repair + RE,3263.0,294.0,288.0,1032.986111111111,2.0833333333333335,True,65,0.0017908000154420733,0.0555678999517113
5.8,CH1+RE,BI,Remove + Greedy Repair + RE,CH1+RE + BI + Remove + Greedy Repair + RE,3263.0,294.0,288.0,1032.986111111111,2.0833333333333335,True,39,0.0017908000154420733,0.3557835000101477
5.9,CH1,FI,1-1 Swap + RE,CH1 + FI + 1-1 Swap + RE,3779.0,1196.0,279.0,1254.4802867383512,328.673835125448,True,96,0.0019983999663963914,0.1353894000640139
5.9,CH1,BI,1-1 Swap + RE,CH1 + BI + 1-1 Swap + RE,3779.0,1382.0,279.0,1254.4802867383512,395.3405017921147,True,27,0.0019983999663963914,0.19166010001208633
5.9,CH2,FI,1-1 Swap + RE,CH2 + FI + 1-1 Swap + RE,312.0,295.0,279.0,11.827956989247312,5.734767025089606,True,4,0.06222859991248697,0.010587999946437776
5.9,CH2,BI,1-1 Swap + RE,CH2 + BI + 1-1 Swap + RE,312.0,280.0,279.0,11.827956989247312,0.35842293906810035,True,4,0.06222859991248697,0.014170399983413517
5.9,CH3,FI,1-1 Swap + RE,CH3 + FI + 1-1 Swap + RE,330.0,313.0,279.0,18.27956989247312,12.186379928315413,True,3,0.010042099980637431,0.011317499913275242
5.9,CH3,BI,1-1 Swap + RE,CH3 + BI + 1-1 Swap + RE,330.0,311.0,279.0,18.27956989247312,11.469534050179211,True,3,0.010042099980637431,0.010888900025747716
5.9,CH1+RE,FI,1-1 Swap + RE,CH1+RE + FI + 1-1 Swap + RE,3015.0,1595.0,279.0,980.6451612903226,471.68458781362006,True,54,0.004524599993601441,0.06458899995777756
5.9,CH1+RE,BI,1-1 Swap + RE,CH1+RE + BI + 1-1 Swap + RE,3015.0,1480.0,279.0,980.6451612903226,430.4659498207885,True,20,0.004524599993601441,0.059712499962188303
5.9,CH1,FI,Remove + Greedy Repair + RE,CH1 + FI + Remove + Greedy Repair + RE,3779.0,288.0,279.0,1254.4802867383512,3.225806451612903,True,68,0.0019983999663963914,0.05802560003940016
5.9,CH1,BI,Remove + Greedy Repair + RE,CH1 + BI + Remove + Greedy Repair + RE,3779.0,287.0,279.0,1254.4802867383512,2.867383512544803,True,41,0.0019983999663963914,0.32109029998537153
5.9,CH2,FI,Remove + Greedy Repair + RE,CH2 + FI + Remove + Greedy Repair + RE,312.0,287.0,279.0,11.827956989247312,2.867383512544803,True,4,0.06222859991248697,0.017169600003398955
5.9,CH2,BI,Remove + Greedy Repair + RE,CH2 + BI + Remove + Greedy Repair + RE,312.0,287.0,279.0,11.827956989247312,2.867383512544803,True,2,0.06222859991248697,0.026438400032930076
5.9,CH3,FI,Remove + Greedy Repair + RE,CH3 + FI + Remove + Greedy Repair + RE,330.0,280.0,279.0,18.27956989247312,0.35842293906810035,True,15,0.010042099980637431,0.035011100000701845
5.9,CH3,BI,Remove + Greedy Repair + RE,CH3 + BI + Remove + Greedy Repair + RE,330.0,280.0,279.0,18.27956989247312,0.35842293906810035,True,11,0.010042099980637431,0.10917650000192225
5.9,CH1+RE,FI,Remove + Greedy Repair + RE,CH1+RE + FI + Remove + Greedy Repair + RE,3015.0,287.0,279.0,980.6451612903226,2.867383512544803,True,61,0.004524599993601441,0.061239599948748946
5.9,CH1+RE,BI,Remove + Greedy Repair + RE,CH1+RE + BI + Remove + Greedy Repair + RE,3015.0,287.0,279.0,980.6451612903226,2.867383512544803,True,41,0.004524599993601441,0.3974024999188259
6.1,CH1,FI,1-1 Swap + RE,CH1 + FI + 1-1 Swap + RE,2390.0,693.0,138.0,1631.8840579710145,402.17391304347825,True,64,0.008709499961696565,0.048053700011223555
6.1,CH1,BI,1-1 Swap + RE,CH1 + BI + 1-1 Swap + RE,2390.0,655.0,138.0,1631.8840579710145,374.6376811594203,True,20,0.008709499961696565,0.02433960000053048
6.1,CH2,FI,1-1 Swap + RE,CH2 + FI + 1-1 Swap + RE,159.0,148.0,138.0,15.217391304347826,7.246376811594203,True,1,0.053519099950790405,0.002504700096324086
6.1,CH2,BI,1-1 Swap + RE,CH2 + BI + 1-1 Swap + RE,159.0,138.0,138.0,15.217391304347826,0.0,True,2,0.053519099950790405,0.007925800047814846
6.1,CH3,FI,1-1 Swap + RE,CH3 + FI + 1-1 Swap + RE,156.0,147.0,138.0,13.043478260869565,6.521739130434782,True,3,0.007980700000189245,0.0046391000505536795
6.1,CH3,BI,1-1 Swap + RE,CH3 + BI + 1-1 Swap + RE,156.0,147.0,138.0,13.043478260869565,6.521739130434782,True,2,0.007980700000189245,0.0024395000655204058
6.1,CH1+RE,FI,1-1 Swap + RE,CH1+RE + FI + 1-1 Swap + RE,2023.0,875.0,138.0,1365.9420289855072,534.0579710144928,True,47,0.012003600015304983,0.027765600010752678
6.1,CH1+RE,BI,1-1 Swap + RE,CH1+RE + BI + 1-1 Swap + RE,2023.0,647.0,138.0,1365.9420289855072,368.84057971014494,True,23,0.012003600015304983,0.02084610005840659
6.1,CH1,FI,Remove + Greedy Repair + RE,CH1 + FI + Remove + Greedy Repair + RE,2390.0,144.0,138.0,1631.8840579710145,4.3478260869565215,True,31,0.008709499961696565,0.02429990004748106
6.1,CH1,BI,Remove + Greedy Repair + RE,CH1 + BI + Remove + Greedy Repair + RE,2390.0,145.0,138.0,1631.8840579710145,5.072463768115942,True,25,0.008709499961696565,0.1502617000369355
6.1,CH2,FI,Remove + Greedy Repair + RE,CH2 + FI + Remove + Greedy Repair + RE,159.0,141.0,138.0,15.217391304347826,2.1739130434782608,True,3,0.053519099950790405,0.011835600016638637
6.1,CH2,BI,Remove + Greedy Repair + RE,CH2 + BI + Remove + Greedy Repair + RE,159.0,141.0,138.0,15.217391304347826,2.1739130434782608,True,1,0.053519099950790405,0.019281799905002117
6.1,CH3,FI,Remove + Greedy Repair + RE,CH3 + FI + Remove + Greedy Repair + RE,156.0,143.0,138.0,13.043478260869565,3.6231884057971016,True,4,0.007980700000189245,0.014362400048412383
6.1,CH3,BI,Remove + Greedy Repair + RE,CH3 + BI + Remove + Greedy Repair + RE,156.0,143.0,138.0,13.043478260869565,3.6231884057971016,True,3,0.007980700000189245,0.0253917999798432
6.1,CH1+RE,FI,Remove + Greedy Repair + RE,CH1+RE + FI + Remove + Greedy Repair + RE,2023.0,145.0,138.0,1365.9420289855072,5.072463768115942,True,35,0.012003600015304983,0.04504210001323372
6.1,CH1+RE,BI,Remove + Greedy Repair + RE,CH1+RE + BI + Remove + Greedy Repair + RE,2023.0,146.0,138.0,1365.9420289855072,5.797101449275362,True,23,0.012003600015304983,0.1478504000697285
6.2,CH1,FI,1-1 Swap + RE,CH1 + FI + 1-1 Swap + RE,2478.0,1029.0,146.0,1597.2602739726028,604.7945205479452,True,21,0.0009682000381872058,0.02985130005981773
6.2,CH1,BI,1-1 Swap + RE,CH1 + BI + 1-1 Swap + RE,2478.0,898.0,146.0,1597.2602739726028,515.068493150685,True,9,0.0009682000381872058,0.07498110004235059
6.2,CH2,FI,1-1 Swap + RE,CH2 + FI + 1-1 Swap + RE,170.0,149.0,146.0,16.438356164383563,2.0547945205479454,True,6,0.01774100004695356,0.009695699904114008
6.2,CH2,BI,1-1 Swap + RE,CH2 + BI + 1-1 Swap + RE,170.0,150.0,146.0,16.438356164383563,2.73972602739726,True,3,0.01774100004695356,0.006587800104171038
6.2,CH3,FI,1-1 Swap + RE,CH3 + FI + 1-1 Swap + RE,166.0,158.0,146.0,13.698630136986301,8.219178082191782,True,5,0.0017990999622270465,0.009209900046698749
6.2,CH3,BI,1-1 Swap + RE,CH3 + BI + 1-1 Swap + RE,166.0,154.0,146.0,13.698630136986301,5.47945205479452,True,2,0.0017990999622270465,0.003277100040577352
6.2,CH1+RE,FI,1-1 Swap + RE,CH1+RE + FI + 1-1 Swap + RE,1655.0,837.0,146.0,1033.5616438356165,473.28767123287673,True,29,0.0013882999774068594,0.026668200036510825
6.2,CH1+RE,BI,1-1 Swap + RE,CH1+RE + BI + 1-1 Swap + RE,1655.0,1297.0,146.0,1033.5616438356165,788.3561643835617,True,7,0.0013882999774068594,0.0061175000155344605
6.2,CH1,FI,Remove + Greedy Repair + RE,CH1 + FI + Remove + Greedy Repair + RE,2478.0,155.0,146.0,1597.2602739726028,6.164383561643835,True,39,0.0009682000381872058,0.04491900000721216
6.2,CH1,BI,Remove + Greedy Repair + RE,CH1 + BI + Remove + Greedy Repair + RE,2478.0,157.0,146.0,1597.2602739726028,7.534246575342466,True,19,0.0009682000381872058,0.09452079993207008
6.2,CH2,FI,Remove + Greedy Repair + RE,CH2 + FI + Remove + Greedy Repair + RE,170.0,156.0,146.0,16.438356164383563,6.8493150684931505,True,4,0.01774100004695356,0.0079251000424847
6.2,CH2,BI,Remove + Greedy Repair + RE,CH2 + BI + Remove + Greedy Repair + RE,170.0,149.0,146.0,16.438356164383563,2.0547945205479454,True,3,0.01774100004695356,0.030118700000457466
6.2,CH3,FI,Remove + Greedy Repair + RE,CH3 + FI + Remove + Greedy Repair + RE,166.0,153.0,146.0,13.698630136986301,4.794520547945205,True,4,0.0017990999622270465,0.009970700019039214
6.2,CH3,BI,Remove + Greedy Repair + RE,CH3 + BI + Remove + Greedy Repair + RE,166.0,153.0,146.0,13.698630136986301,4.794520547945205,True,3,0.0017990999622270465,0.01835829997435212
6.2,CH1+RE,FI,Remove + Greedy Repair + RE,CH1+RE + FI + Remove + Greedy Repair + RE,1655.0,154.0,146.0,1033.5616438356165,5.47945205479452,True,24,0.0013882999774068594,0.023116600001230836
6.2,CH1+RE,BI,Remove + Greedy Repair + RE,CH1+RE + BI + Remove + Greedy Repair + RE,1655.0,154.0,146.0,1033.5616438356165,5.47945205479452,True,20,0.0013882999774068594,0.10531600005924702
6.3,CH1,FI,1-1 Swap + RE,CH1 + FI + 1-1 Swap + RE,2698.0,816.0,145.0,1760.6896551724137,462.7586206896552,True,59,0.0013074999442324042,0.04017789999488741
6.3,CH1,BI,1-1 Swap + RE,CH1 + BI + 1-1 Swap + RE,2698.0,715.0,145.0,1760.6896551724137,393.1034482758621,True,20,0.0013074999442324042,0.048798699979670346
6.3,CH2,FI,1-1 Swap + RE,CH2 + FI + 1-1 Swap + RE,161.0,151.0,145.0,11.03448275862069,4.137931034482759,True,6,0.01940320001449436,0.006798799964599311
6.3,CH2,BI,1-1 Swap + RE,CH2 + BI + 1-1 Swap + RE,161.0,149.0,145.0,11.03448275862069,2.7586206896551726,True,2,0.01940320001449436,0.0033481999998912215
6.3,CH3,FI,1-1 Swap + RE,CH3 + FI + 1-1 Swap + RE,159.0,148.0,145.0,9.655172413793103,2.0689655172413794,True,3,0.002149399952031672,0.004607700044289231
6.3,CH3,BI,1-1 Swap + RE,CH3 + BI + 1-1 Swap + RE,159.0,148.0,145.0,9.655172413793103,2.0689655172413794,True,3,0.002149399952031672,0.0035980999236926436
6.3,CH1+RE,FI,1-1 Swap + RE,CH1+RE + FI + 1-1 Swap + RE,2156.0,782.0,145.0,1386.896551724138,439.3103448275862,True,61,0.001961899921298027,0.04138870001770556
6.3,CH1+RE,BI,1-1 Swap + RE,CH1+RE + BI + 1-1 Swap + RE,2156.0,1208.0,145.0,1386.896551724138,733.1034482758621,True,12,0.001961899921298027,0.009306300082243979
6.3,CH1,FI,Remove + Greedy Repair + RE,CH1 + FI + Remove + Greedy Repair + RE,2698.0,149.0,145.0,1760.6896551724137,2.7586206896551726,True,38,0.0013074999442324042,0.021972700022161007
6.3,CH1,BI,Remove + Greedy Repair + RE,CH1 + BI + Remove + Greedy Repair + RE,2698.0,148.0,145.0,1760.6896551724137,2.0689655172413794,True,23,0.0013074999442324042,0.13717629993334413
6.3,CH2,FI,Remove + Greedy Repair + RE,CH2 + FI + Remove + Greedy Repair + RE,161.0,148.0,145.0,11.03448275862069,2.0689655172413794,True,8,0.01940320001449436,0.017372200032696128
6.3,CH2,BI,Remove + Greedy Repair + RE,CH2 + BI + Remove + Greedy Repair + RE,161.0,148.0,145.0,11.03448275862069,2.0689655172413794,True,3,0.01940320001449436,0.02986180002335459
6.3,CH3,FI,Remove + Greedy Repair + RE,CH3 + FI + Remove + Greedy Repair + RE,159.0,148.0,145.0,9.655172413793103,2.0689655172413794,True,6,0.002149399952031672,0.011215899954549968
6.3,CH3,BI,Remove + Greedy Repair + RE,CH3 + BI + Remove + Greedy Repair + RE,159.0,148.0,145.0,9.655172413793103,2.0689655172413794,True,3,0.002149399952031672,0.021543500013649464
6.3,CH1+RE,FI,Remove + Greedy Repair + RE,CH1+RE + FI + Remove + Greedy Repair + RE,2156.0,151.0,145.0,1386.896551724138,4.137931034482759,True,26,0.001961899921298027,0.022430700017139316
6.3,CH1+RE,BI,Remove + Greedy Repair + RE,CH1+RE + BI + Remove + Greedy Repair + RE,2156.0,149.0,145.0,1386.896551724138,2.7586206896551726,True,18,0.001961899921298027,0.09678809996694326
6.4,CH1,FI,1-1 Swap + RE,CH1 + FI + 1-1 Swap + RE,2235.0,609.0,131.0,1606.1068702290077,364.8854961832061,True,46,0.0008660000748932362,0.03348540002480149
6.4,CH1,BI,1-1 Swap + RE,CH1 + BI + 1-1 Swap + RE,2235.0,832.0,131.0,1606.1068702290077,535.1145038167939,True,11,0.0008660000748932362,0.08015860000159591
6.4,CH2,FI,1-1 Swap + RE,CH2 + FI + 1-1 Swap + RE,149.0,139.0,131.0,13.740458015267176,6.106870229007634,True,4,0.01836300001014024,0.007494200021028519
6.4,CH2,BI,1-1 Swap + RE,CH2 + BI + 1-1 Swap + RE,149.0,131.0,131.0,13.740458015267176,0.0,True,4,0.01836300001014024,0.00601519993506372
6.4,CH3,FI,1-1 Swap + RE,CH3 + FI + 1-1 Swap + RE,158.0,154.0,131.0,20.610687022900763,17.557251908396946,True,2,0.0017290001269429922,0.0041742000030353665
6.4,CH3,BI,1-1 Swap + RE,CH3 + BI + 1-1 Swap + RE,158.0,147.0,131.0,20.610687022900763,12.213740458015268,True,1,0.0017290001269429922,0.004938099998980761
6.4,CH1+RE,FI,1-1 Swap + RE,CH1+RE + FI + 1-1 Swap + RE,1721.0,485.0,131.0,1213.7404580152672,270.2290076335878,True,47,0.0012067001080140471,0.0518034000415355
6.4,CH1+RE,BI,1-1 Swap + RE,CH1+RE + BI + 1-1 Swap + RE,1721.0,832.0,131.0,1213.7404580152672,535.1145038167939,True,11,0.0012067001080140471,0.017297500045970082
6.4,CH1,FI,Remove + Greedy Repair + RE,CH1 + FI + Remove + Greedy Repair + RE,2235.0,136.0,131.0,1606.1068702290077,3.816793893129771,True,32,0.0008660000748932362,0.042934599914588034
6.4,CH1,BI,Remove + Greedy Repair + RE,CH1 + BI + Remove + Greedy Repair + RE,2235.0,135.0,131.0,1606.1068702290077,3.053435114503817,True,17,0.0008660000748932362,0.10390489990822971
6.4,CH2,FI,Remove + Greedy Repair + RE,CH2 + FI + Remove + Greedy Repair + RE,149.0,135.0,131.0,13.740458015267176,3.053435114503817,True,4,0.01836300001014024,0.009876700001768768
6.4,CH2,BI,Remove + Greedy Repair + RE,CH2 + BI + Remove + Greedy Repair + RE,149.0,135.0,131.0,13.740458015267176,3.053435114503817,True,2,0.01836300001014024,0.015304700005799532
6.4,CH3,FI,Remove + Greedy Repair + RE,CH3 + FI + Remove + Greedy Repair + RE,158.0,135.0,131.0,20.610687022900763,3.053435114503817,True,4,0.0017290001269429922,0.01732310000807047
6.4,CH3,BI,Remove + Greedy Repair + RE,CH3 + BI + Remove + Greedy Repair + RE,158.0,135.0,131.0,20.610687022900763,3.053435114503817,True,3,0.0017290001269429922,0.01821060001384467
6.4,CH1+RE,FI,Remove + Greedy Repair + RE,CH1+RE + FI + Remove + Greedy Repair + RE,1721.0,135.0,131.0,1213.7404580152672,3.053435114503817,True,36,0.0012067001080140471,0.033252599998377264
6.4,CH1+RE,BI,Remove + Greedy Repair + RE,CH1+RE + BI + Remove + Greedy Repair + RE,1721.0,135.0,131.0,1213.7404580152672,3.053435114503817,True,18,0.0012067001080140471,0.09412830008659512
6.5,CH1,FI,1-1 Swap + RE,CH1 + FI + 1-1 Swap + RE,2465.0,670.0,161.0,1431.055900621118,316.14906832298135,True,37,0.0008829999715089798,0.043682900024577975
6.5,CH1,BI,1-1 Swap + RE,CH1 + BI + 1-1 Swap + RE,2465.0,871.0,161.0,1431.055900621118,440.99378881987576,True,14,0.0008829999715089798,0.08878440002445132
6.5,CH2,FI,1-1 Swap + RE,CH2 + FI + 1-1 Swap + RE,196.0,179.0,161.0,21.73913043478261,11.180124223602485,True,5,0.01680259988643229,0.00786729995161295
6.5,CH2,BI,1-1 Swap + RE,CH2 + BI + 1-1 Swap + RE,196.0,181.0,161.0,21.73913043478261,12.422360248447205,True,1,0.01680259988643229,0.002611399977467954
6.5,CH3,FI,1-1 Swap + RE,CH3 + FI + 1-1 Swap + RE,185.0,175.0,161.0,14.906832298136646,8.695652173913043,True,3,0.001712900004349649,0.004683700040914118
6.5,CH3,BI,1-1 Swap + RE,CH3 + BI + 1-1 Swap + RE,185.0,166.0,161.0,14.906832298136646,3.1055900621118013,True,3,0.001712900004349649,0.004972500028088689
6.5,CH1+RE,FI,1-1 Swap + RE,CH1+RE + FI + 1-1 Swap + RE,1676.0,821.0,161.0,940.9937888198758,409.9378881987578,True,30,0.0012468999484553933,0.0347376000136137
6.5,CH1+RE,BI,1-1 Swap + RE,CH1+RE + BI + 1-1 Swap + RE,1676.0,758.0,161.0,940.9937888198758,370.8074534161491,True,17,0.0012468999484553933,0.01950379996560514
6.5,CH1,FI,Remove + Greedy Repair + RE,CH1 + FI + Remove + Greedy Repair + RE,2465.0,169.0,161.0,1431.055900621118,4.968944099378882,True,38,0.0008829999715089798,0.046259099966846406
6.5,CH1,BI,Remove + Greedy Repair + RE,CH1 + BI + Remove + Greedy Repair + RE,2465.0,166.0,161.0,1431.055900621118,3.1055900621118013,True,23,0.0008829999715089798,0.13085280009545386
6.5,CH2,FI,Remove + Greedy Repair + RE,CH2 + FI + Remove + Greedy Repair + RE,196.0,168.0,161.0,21.73913043478261,4.3478260869565215,True,7,0.01680259988643229,0.009623399935662746
6.5,CH2,BI,Remove + Greedy Repair + RE,CH2 + BI + Remove + Greedy Repair + RE,196.0,174.0,161.0,21.73913043478261,8.074534161490684,True,4,0.01680259988643229,0.026819400023669004
6.5,CH3,FI,Remove + Greedy Repair + RE,CH3 + FI + Remove + Greedy Repair + RE,185.0,163.0,161.0,14.906832298136646,1.2422360248447204,True,7,0.001712900004349649,0.017574300058186054
6.5,CH3,BI,Remove + Greedy Repair + RE,CH3 + BI + Remove + Greedy Repair + RE,185.0,168.0,161.0,14.906832298136646,4.3478260869565215,True,2,0.001712900004349649,0.017753100022673607
6.5,CH1+RE,FI,Remove + Greedy Repair + RE,CH1+RE + FI + Remove + Greedy Repair + RE,1676.0,173.0,161.0,940.9937888198758,7.453416149068323,True,33,0.0012468999484553933,0.033002100070007145
6.5,CH1+RE,BI,Remove + Greedy Repair + RE,CH1+RE + BI + Remove + Greedy Repair + RE,1676.0,166.0,161.0,940.9937888198758,3.1055900621118013,True,25,0.0012468999484553933,0.16145210003014654
A.1,CH1,FI,1-1 Swap + RE,CH1 + FI + 1-1 Swap + RE,4964.0,1772.0,253.0,1862.0553359683795,600.395256916996,True,76,0.0015327000292018056,0.10265879996586591
A.1,CH1,BI,1-1 Swap + RE,CH1 + BI + 1-1 Swap + RE,4964.0,2221.0,253.0,1862.0553359683795,777.8656126482214,True,15,0.0015327000292018056,0.8283612000523135
A.1,CH2,FI,1-1 Swap + RE,CH2 + FI + 1-1 Swap + RE,288.0,259.0,253.0,13.83399209486166,2.3715415019762847,True,4,0.03539629990700632,0.01594509999267757
A.1,CH2,BI,1-1 Swap + RE,CH2 + BI + 1-1 Swap + RE,288.0,258.0,253.0,13.83399209486166,1.976284584980237,True,1,0.03539629990700632,0.011569499969482422
A.1,CH3,FI,1-1 Swap + RE,CH3 + FI + 1-1 Swap + RE,280.0,268.0,253.0,10.671936758893281,5.928853754940712,True,6,0.0029380000196397305,0.018112500081770122
A.1,CH3,BI,1-1 Swap + RE,CH3 + BI + 1-1 Swap + RE,280.0,261.0,253.0,10.671936758893281,3.1620553359683794,True,3,0.0029380000196397305,0.02074820001143962
A.1,CH1+RE,FI,1-1 Swap + RE,CH1+RE + FI + 1-1 Swap + RE,3533.0,1027.0,253.0,1296.4426877470355,305.9288537549407,True,116,0.0025812999811023474,0.15022390009835362
A.1,CH1+RE,BI,1-1 Swap + RE,CH1+RE + BI + 1-1 Swap + RE,3533.0,1939.0,253.0,1296.4426877470355,666.403162055336,True,25,0.0025812999811023474,0.09592069999780506
A.1,CH1,FI,Remove + Greedy Repair + RE,CH1 + FI + Remove + Greedy Repair + RE,4964.0,256.0,253.0,1862.0553359683795,1.1857707509881423,True,56,0.0015327000292018056,0.10461739997845143
A.1,CH1,BI,Remove + Greedy Repair + RE,CH1 + BI + Remove + Greedy Repair + RE,4964.0,256.0,253.0,1862.0553359683795,1.1857707509881423,True,41,0.0015327000292018056,0.9259675999637693
A.1,CH2,FI,Remove + Greedy Repair + RE,CH2 + FI + Remove + Greedy Repair + RE,288.0,258.0,253.0,13.83399209486166,1.976284584980237,True,5,0.03539629990700632,0.02922010002657771
A.1,CH2,BI,Remove + Greedy Repair + RE,CH2 + BI + Remove + Greedy Repair + RE,288.0,258.0,253.0,13.83399209486166,1.976284584980237,True,1,0.03539629990700632,0.08866780006792396
A.1,CH3,FI,Remove + Greedy Repair + RE,CH3 + FI + Remove + Greedy Repair + RE,280.0,257.0,253.0,10.671936758893281,1.5810276679841897,True,9,0.0029380000196397305,0.08107740001287311
A.1,CH3,BI,Remove + Greedy Repair + RE,CH3 + BI + Remove + Greedy Repair + RE,280.0,258.0,253.0,10.671936758893281,1.976284584980237,True,3,0.0029380000196397305,0.06506040005479008
A.1,CH1+RE,FI,Remove + Greedy Repair + RE,CH1+RE + FI + Remove + Greedy Repair + RE,3533.0,260.0,253.0,1296.4426877470355,2.766798418972332,True,65,0.0025812999811023474,0.13281760003883392
A.1,CH1+RE,BI,Remove + Greedy Repair + RE,CH1+RE + BI + Remove + Greedy Repair + RE,3533.0,256.0,253.0,1296.4426877470355,1.1857707509881423,True,41,0.0025812999811023474,1.1286319999489933
A.2,CH1,FI,1-1 Swap + RE,CH1 + FI + 1-1 Swap + RE,5238.0,1497.0,252.0,1978.5714285714287,494.04761904761904,True,90,0.0015925000188872218,0.15288299997337162
A.2,CH1,BI,1-1 Swap + RE,CH1 + BI + 1-1 Swap + RE,5238.0,1862.0,252.0,1978.5714285714287,638.8888888888889,True,27,0.0015925000188872218,1.10055749991443
A.2,CH2,FI,1-1 Swap + RE,CH2 + FI + 1-1 Swap + RE,284.0,266.0,252.0,12.698412698412698,5.555555555555555,True,7,0.04494109994266182,0.01748460007365793
A.2,CH2,BI,1-1 Swap + RE,CH2 + BI + 1-1 Swap + RE,284.0,259.0,252.0,12.698412698412698,2.7777777777777777,True,7,0.04494109994266182,0.054178299964405596
A.2,CH3,FI,1-1 Swap + RE,CH3 + FI + 1-1 Swap + RE,289.0,260.0,252.0,14.682539682539682,3.1746031746031744,True,11,0.002951999893411994,0.039661700022406876
A.2,CH3,BI,1-1 Swap + RE,CH3 + BI + 1-1 Swap + RE,289.0,264.0,252.0,14.682539682539682,4.761904761904762,True,5,0.002951999893411994,0.034144400036893785
A.2,CH1+RE,FI,1-1 Swap + RE,CH1+RE + FI + 1-1 Swap + RE,3731.0,1856.0,252.0,1380.5555555555557,636.5079365079365,True,74,0.0024277999764308333,0.09231500001624227
A.2,CH1+RE,BI,1-1 Swap + RE,CH1+RE + BI + 1-1 Swap + RE,3731.0,1862.0,252.0,1380.5555555555557,638.8888888888889,True,27,0.0024277999764308333,0.1599880000576377
A.2,CH1,FI,Remove + Greedy Repair + RE,CH1 + FI + Remove + Greedy Repair + RE,5238.0,261.0,252.0,1978.5714285714287,3.5714285714285716,True,77,0.0015925000188872218,0.34924140002112836
A.2,CH1,BI,Remove + Greedy Repair + RE,CH1 + BI + Remove + Greedy Repair + RE,5238.0,268.0,252.0,1978.5714285714287,6.349206349206349,True,38,0.0015925000188872218,0.8296057000989094
A.2,CH2,FI,Remove + Greedy Repair + RE,CH2 + FI + Remove + Greedy Repair + RE,284.0,261.0,252.0,12.698412698412698,3.5714285714285716,True,9,0.04494109994266182,0.046754200011491776
A.2,CH2,BI,Remove + Greedy Repair + RE,CH2 + BI + Remove + Greedy Repair + RE,284.0,259.0,252.0,12.698412698412698,2.7777777777777777,True,5,0.04494109994266182,0.15533270000014454
A.2,CH3,FI,Remove + Greedy Repair + RE,CH3 + FI + Remove + Greedy Repair + RE,289.0,261.0,252.0,14.682539682539682,3.5714285714285716,True,10,0.002951999893411994,0.09834290004801005
A.2,CH3,BI,Remove + Greedy Repair + RE,CH3 + BI + Remove + Greedy Repair + RE,289.0,261.0,252.0,14.682539682539682,3.5714285714285716,True,7,0.002951999893411994,0.16372439998667687
A.2,CH1+RE,FI,Remove + Greedy Repair + RE,CH1+RE + FI + Remove + Greedy Repair + RE,3731.0,265.0,252.0,1380.5555555555557,5.158730158730159,True,76,0.0024277999764308333,0.14536059997044504
A.2,CH1+RE,BI,Remove + Greedy Repair + RE,CH1+RE + BI + Remove + Greedy Repair + RE,3731.0,259.0,252.0,1380.5555555555557,2.7777777777777777,True,41,0.0024277999764308333,0.9291760000633076
A.3,CH1,FI,1-1 Swap + RE,CH1 + FI + 1-1 Swap + RE,4551.0,981.0,232.0,1861.6379310344828,322.8448275862069,True,106,0.002023700042627752,0.12446859991177917
A.3,CH1,BI,1-1 Swap + RE,CH1 + BI + 1-1 Swap + RE,4551.0,1450.0,232.0,1861.6379310344828,525.0,True,29,0.002023700042627752,0.5696615000488237
A.3,CH2,FI,1-1 Swap + RE,CH2 + FI + 1-1 Swap + RE,270.0,240.0,232.0,16.379310344827587,3.4482758620689653,True,7,0.03880059998482466,0.036760499933734536
A.3,CH2,BI,1-1 Swap + RE,CH2 + BI + 1-1 Swap + RE,270.0,238.0,232.0,16.379310344827587,2.586206896551724,True,4,0.03880059998482466,0.03883139998652041
A.3,CH3,FI,1-1 Swap + RE,CH3 + FI + 1-1 Swap + RE,260.0,251.0,232.0,12.068965517241379,8.189655172413794,True,5,0.0028512999415397644,0.020937100052833557
A.3,CH3,BI,1-1 Swap + RE,CH3 + BI + 1-1 Swap + RE,260.0,254.0,232.0,12.068965517241379,9.482758620689655,True,2,0.0028512999415397644,0.015750700025819242
A.3,CH1+RE,FI,1-1 Swap + RE,CH1+RE + FI + 1-1 Swap + RE,3309.0,1733.0,232.0,1326.2931034482758,646.9827586206897,True,78,0.003208999987691641,0.09611160005442798
A.3,CH1+RE,BI,1-1 Swap + RE,CH1+RE + BI + 1-1 Swap + RE,3309.0,1750.0,232.0,1326.2931034482758,654.3103448275862,True,20,0.003208999987691641,0.13223990006372333
A.3,CH1,FI,Remove + Greedy Repair + RE,CH1 + FI + Remove + Greedy Repair + RE,4551.0,239.0,232.0,1861.6379310344828,3.0172413793103448,True,72,0.002023700042627752,0.26174500002525747
A.3,CH1,BI,Remove + Greedy Repair + RE,CH1 + BI + Remove + Greedy Repair + RE,4551.0,241.0,232.0,1861.6379310344828,3.8793103448275863,True,41,0.002023700042627752,1.388454300002195
A.3,CH2,FI,Remove + Greedy Repair + RE,CH2 + FI + Remove + Greedy Repair + RE,270.0,238.0,232.0,16.379310344827587,2.586206896551724,True,7,0.03880059998482466,0.14552320004440844
A.3,CH2,BI,Remove + Greedy Repair + RE,CH2 + BI + Remove + Greedy Repair + RE,270.0,238.0,232.0,16.379310344827587,2.586206896551724,True,5,0.03880059998482466,0.16742700000759214
A.3,CH3,FI,Remove + Greedy Repair + RE,CH3 + FI + Remove + Greedy Repair + RE,260.0,246.0,232.0,12.068965517241379,6.0344827586206895,True,7,0.0028512999415397644,0.09499520005192608
A.3,CH3,BI,Remove + Greedy Repair + RE,CH3 + BI + Remove + Greedy Repair + RE,260.0,245.0,232.0,12.068965517241379,5.603448275862069,True,7,0.0028512999415397644,0.30369520001113415
A.3,CH1+RE,FI,Remove + Greedy Repair + RE,CH1+RE + FI + Remove + Greedy Repair + RE,3309.0,240.0,232.0,1326.2931034482758,3.4482758620689653,True,73,0.003208999987691641,0.2199236999731511
A.3,CH1+RE,BI,Remove + Greedy Repair + RE,CH1+RE + BI + Remove + Greedy Repair + RE,3309.0,236.0,232.0,1326.2931034482758,1.7241379310344827,True,43,0.003208999987691641,0.9426357001066208
A.4,CH1,FI,1-1 Swap + RE,CH1 + FI + 1-1 Swap + RE,5221.0,1632.0,234.0,2131.196581196581,597.4358974358975,True,81,0.0016959999920800328,0.10086630005389452
A.4,CH1,BI,1-1 Swap + RE,CH1 + BI + 1-1 Swap + RE,5221.0,1646.0,234.0,2131.196581196581,603.4188034188035,True,22,0.0016959999920800328,0.3587566000642255
A.4,CH2,FI,1-1 Swap + RE,CH2 + FI + 1-1 Swap + RE,278.0,239.0,234.0,18.803418803418804,2.1367521367521367,True,4,0.03830660006497055,0.011207800009287894
A.4,CH2,BI,1-1 Swap + RE,CH2 + BI + 1-1 Swap + RE,278.0,239.0,234.0,18.803418803418804,2.1367521367521367,True,2,0.03830660006497055,0.02453249995596707
A.4,CH3,FI,1-1 Swap + RE,CH3 + FI + 1-1 Swap + RE,258.0,238.0,234.0,10.256410256410257,1.7094017094017093,True,6,0.003137500025331974,0.0158235999988392
A.4,CH3,BI,1-1 Swap + RE,CH3 + BI + 1-1 Swap + RE,258.0,237.0,234.0,10.256410256410257,1.2820512820512822,True,5,0.003137500025331974,0.023742099991068244
A.4,CH1+RE,FI,1-1 Swap + RE,CH1+RE + FI + 1-1 Swap + RE,4098.0,1830.0,234.0,1651.2820512820513,682.0512820512821,True,60,0.002476800000295043,0.06654909998178482
A.4,CH1+RE,BI,1-1 Swap + RE,CH1+RE + BI + 1-1 Swap + RE,4098.0,1561.0,234.0,1651.2820512820513,567.0940170940171,True,32,0.002476800000295043,0.15148130001034588
A.4,CH1,FI,Remove + Greedy Repair + RE,CH1 + FI + Remove + Greedy Repair + RE,5221.0,246.0,234.0,2131.196581196581,5.128205128205129,True,77,0.0016959999920800328,0.13310699991416186
A.4,CH1,BI,Remove + Greedy Repair + RE,CH1 + BI + Remove + Greedy Repair + RE,5221.0,244.0,234.0,2131.196581196581,4.273504273504273,True,44,0.0016959999920800328,1.3144959999481216
A.4,CH2,FI,Remove + Greedy Repair + RE,CH2 + FI + Remove + Greedy Repair + RE,278.0,239.0,234.0,18.803418803418804,2.1367521367521367,True,4,0.03830660006497055,0.05060529999900609
A.4,CH2,BI,Remove + Greedy Repair + RE,CH2 + BI + Remove + Greedy Repair + RE,278.0,239.0,234.0,18.803418803418804,2.1367521367521367,True,2,0.03830660006497055,0.11278039996977895
A.4,CH3,FI,Remove + Greedy Repair + RE,CH3 + FI + Remove + Greedy Repair + RE,258.0,239.0,234.0,10.256410256410257,2.1367521367521367,True,7,0.003137500025331974,0.05032529996242374
A.4,CH3,BI,Remove + Greedy Repair + RE,CH3 + BI + Remove + Greedy Repair + RE,258.0,235.0,234.0,10.256410256410257,0.42735042735042733,True,5,0.003137500025331974,0.09028350003063679
A.4,CH1+RE,FI,Remove + Greedy Repair + RE,CH1+RE + FI + Remove + Greedy Repair + RE,4098.0,244.0,234.0,1651.2820512820513,4.273504273504273,True,73,0.002476800000295043,0.138875599950552
A.4,CH1+RE,BI,Remove + Greedy Repair + RE,CH1+RE + BI + Remove + Greedy Repair + RE,4098.0,244.0,234.0,1651.2820512820513,4.273504273504273,True,42,0.002476800000295043,1.1169374999590218
A.5,CH1,FI,1-1 Swap + RE,CH1 + FI + 1-1 Swap + RE,4089.0,1745.0,236.0,1632.6271186440679,639.4067796610169,True,72,0.0019011000404134393,0.08988880005199462
A.5,CH1,BI,1-1 Swap + RE,CH1 + BI + 1-1 Swap + RE,4089.0,1824.0,236.0,1632.6271186440679,672.8813559322034,True,23,0.0019011000404134393,0.10145189997274429
A.5,CH2,FI,1-1 Swap + RE,CH2 + FI + 1-1 Swap + RE,271.0,241.0,236.0,14.830508474576272,2.1186440677966103,True,7,0.26562590000685304,0.017870699986815453
A.5,CH2,BI,1-1 Swap + RE,CH2 + BI + 1-1 Swap + RE,271.0,238.0,236.0,14.830508474576272,0.847457627118644,True,5,0.26562590000685304,0.03284809994511306
A.5,CH3,FI,1-1 Swap + RE,CH3 + FI + 1-1 Swap + RE,261.0,243.0,236.0,10.59322033898305,2.9661016949152543,True,5,0.0032845999812707305,0.018209400004707277
A.5,CH3,BI,1-1 Swap + RE,CH3 + BI + 1-1 Swap + RE,261.0,243.0,236.0,10.59322033898305,2.9661016949152543,True,2,0.0032845999812707305,0.012605799944140017
A.5,CH1+RE,FI,1-1 Swap + RE,CH1+RE + FI + 1-1 Swap + RE,3421.0,1667.0,236.0,1349.5762711864406,606.3559322033898,True,57,0.002578799962066114,0.06097390002105385
A.5,CH1+RE,BI,1-1 Swap + RE,CH1+RE + BI + 1-1 Swap + RE,3421.0,2021.0,236.0,1349.5762711864406,756.3559322033898,True,18,0.002578799962066114,0.07232449995353818
A.5,CH1,FI,Remove + Greedy Repair + RE,CH1 + FI + Remove + Greedy Repair + RE,4089.0,240.0,236.0,1632.6271186440679,1.694915254237288,True,63,0.0019011000404134393,0.12407539994455874
A.5,CH1,BI,Remove + Greedy Repair + RE,CH1 + BI + Remove + Greedy Repair + RE,4089.0,240.0,236.0,1632.6271186440679,1.694915254237288,True,39,0.0019011000404134393,1.1787310000509024
A.5,CH2,FI,Remove + Greedy Repair + RE,CH2 + FI + Remove + Greedy Repair + RE,271.0,240.0,236.0,14.830508474576272,1.694915254237288,True,6,0.26562590000685304,0.04822080000303686
A.5,CH2,BI,Remove + Greedy Repair + RE,CH2 + BI + Remove + Greedy Repair + RE,271.0,239.0,236.0,14.830508474576272,1.271186440677966,True,4,0.26562590000685304,0.14906980004161596
A.5,CH3,FI,Remove + Greedy Repair + RE,CH3 + FI + Remove + Greedy Repair + RE,261.0,238.0,236.0,10.59322033898305,0.847457627118644,True,6,0.0032845999812707305,0.030921999947167933
A.5,CH3,BI,Remove + Greedy Repair + RE,CH3 + BI + Remove + Greedy Repair + RE,261.0,238.0,236.0,10.59322033898305,0.847457627118644,True,5,0.0032845999812707305,0.10628639999777079
A.5,CH1+RE,FI,Remove + Greedy Repair + RE,CH1+RE + FI + Remove + Greedy Repair + RE,3421.0,240.0,236.0,1349.5762711864406,1.694915254237288,True,64,0.002578799962066114,0.11818140000104904
A.5,CH1+RE,BI,Remove + Greedy Repair + RE,CH1+RE + BI + Remove + Greedy Repair + RE,3421.0,241.0,236.0,1349.5762711864406,2.1186440677966103,True,38,0.002578799962066114,1.1450163000263274
B.1,CH1,FI,1-1 Swap + RE,CH1 + FI + 1-1 Swap + RE,2616.0,491.0,69.0,3691.304347826087,611.5942028985507,True,79,0.0016741999424993992,0.10301909991540015
B.1,CH1,BI,1-1 Swap + RE,CH1 + BI + 1-1 Swap + RE,2616.0,668.0,69.0,3691.304347826087,868.1159420289855,True,30,0.0016741999424993992,0.6990259999874979
B.1,CH2,FI,1-1 Swap + RE,CH2 + FI + 1-1 Swap + RE,77.0,72.0,69.0,11.594202898550725,4.3478260869565215,True,3,0.09883100003935397,0.010111800045706332
B.1,CH2,BI,1-1 Swap + RE,CH2 + BI + 1-1 Swap + RE,77.0,72.0,69.0,11.594202898550725,4.3478260869565215,True,1,0.09883100003935397,0.007397199980914593
B.1,CH3,FI,1-1 Swap + RE,CH3 + FI + 1-1 Swap + RE,78.0,73.0,69.0,13.043478260869565,5.797101449275362,True,3,0.004004099988378584,0.01028980000410229
B.1,CH3,BI,1-1 Swap + RE,CH3 + BI + 1-1 Swap + RE,78.0,73.0,69.0,13.043478260869565,5.797101449275362,True,2,0.004004099988378584,0.009177500032819808
B.1,CH1+RE,FI,1-1 Swap + RE,CH1+RE + FI + 1-1 Swap + RE,2046.0,801.0,69.0,2865.217391304348,1060.8695652173913,True,68,0.002146200044080615,0.07923620007932186
B.1,CH1+RE,BI,1-1 Swap + RE,CH1+RE + BI + 1-1 Swap + RE,2046.0,668.0,69.0,2865.217391304348,868.1159420289855,True,30,0.002146200044080615,0.1070629000896588
B.1,CH1,FI,Remove + Greedy Repair + RE,CH1 + FI + Remove + Greedy Repair + RE,2616.0,77.0,69.0,3691.304347826087,11.594202898550725,True,44,0.0016741999424993992,0.07245759991928935
B.1,CH1,BI,Remove + Greedy Repair + RE,CH1 + BI + Remove + Greedy Repair + RE,2616.0,73.0,69.0,3691.304347826087,5.797101449275362,True,26,0.0016741999424993992,0.23330100008752197
B.1,CH2,FI,Remove + Greedy Repair + RE,CH2 + FI + Remove + Greedy Repair + RE,77.0,70.0,69.0,11.594202898550725,1.4492753623188406,True,2,0.09883100003935397,0.017134000081568956
B.1,CH2,BI,Remove + Greedy Repair + RE,CH2 + BI + Remove + Greedy Repair + RE,77.0,70.0,69.0,11.594202898550725,1.4492753623188406,True,2,0.09883100003935397,0.06240359996445477
B.1,CH3,FI,Remove + Greedy Repair + RE,CH3 + FI + Remove + Greedy Repair + RE,78.0,72.0,69.0,13.043478260869565,4.3478260869565215,True,3,0.004004099988378584,0.05276640004012734
B.1,CH3,BI,Remove + Greedy Repair + RE,CH3 + BI + Remove + Greedy Repair + RE,78.0,71.0,69.0,13.043478260869565,2.898550724637681,True,3,0.004004099988378584,0.07358660001773387
B.1,CH1+RE,FI,Remove + Greedy Repair + RE,CH1+RE + FI + Remove + Greedy Repair + RE,2046.0,73.0,69.0,2865.217391304348,5.797101449275362,True,39,0.002146200044080615,0.09962230001110584
B.1,CH1+RE,BI,Remove + Greedy Repair + RE,CH1+RE + BI + Remove + Greedy Repair + RE,2046.0,73.0,69.0,2865.217391304348,5.797101449275362,True,22,0.002146200044080615,0.22762830008286983
B.2,CH1,FI,1-1 Swap + RE,CH1 + FI + 1-1 Swap + RE,2734.0,648.0,76.0,3497.3684210526317,752.6315789473684,True,74,0.0015370999462902546,0.09031670005060732
B.2,CH1,BI,1-1 Swap + RE,CH1 + BI + 1-1 Swap + RE,2734.0,684.0,76.0,3497.3684210526317,800.0,True,22,0.0015370999462902546,0.15839670004788786
B.2,CH2,FI,1-1 Swap + RE,CH2 + FI + 1-1 Swap + RE,86.0,82.0,76.0,13.157894736842104,7.894736842105263,True,2,0.1279243000317365,0.01292250002734363
B.2,CH2,BI,1-1 Swap + RE,CH2 + BI + 1-1 Swap + RE,86.0,78.0,76.0,13.157894736842104,2.6315789473684212,True,1,0.1279243000317365,0.009694800013676286
B.2,CH3,FI,1-1 Swap + RE,CH3 + FI + 1-1 Swap + RE,92.0,81.0,76.0,21.05263157894737,6.578947368421052,True,5,0.003449200070463121,0.016089800046756864
B.2,CH3,BI,1-1 Swap + RE,CH3 + BI + 1-1 Swap + RE,92.0,80.0,76.0,21.05263157894737,5.2631578947368425,True,3,0.003449200070463121,0.01828610000666231
B.2,CH1+RE,FI,1-1 Swap + RE,CH1+RE + FI + 1-1 Swap + RE,2130.0,373.0,76.0,2702.6315789473683,390.7894736842105,True,90,0.0020952000049874187,0.11370540002826601
B.2,CH1+RE,BI,1-1 Swap + RE,CH1+RE + BI + 1-1 Swap + RE,2130.0,999.0,76.0,2702.6315789473683,1214.4736842105262,True,18,0.0020952000049874187,0.05835609999485314
B.2,CH1,FI,Remove + Greedy Repair + RE,CH1 + FI + Remove + Greedy Repair + RE,2734.0,82.0,76.0,3497.3684210526317,7.894736842105263,True,38,0.0015370999462902546,0.044078600010834634
B.2,CH1,BI,Remove + Greedy Repair + RE,CH1 + BI + Remove + Greedy Repair + RE,2734.0,80.0,76.0,3497.3684210526317,5.2631578947368425,True,25,0.0015370999462902546,0.22874539997428656
B.2,CH2,FI,Remove + Greedy Repair + RE,CH2 + FI + Remove + Greedy Repair + RE,86.0,78.0,76.0,13.157894736842104,2.6315789473684212,True,2,0.1279243000317365,0.015495699946768582
B.2,CH2,BI,Remove + Greedy Repair + RE,CH2 + BI + Remove + Greedy Repair + RE,86.0,78.0,76.0,13.157894736842104,2.6315789473684212,True,1,0.1279243000317365,0.01770810002926737
B.2,CH3,FI,Remove + Greedy Repair + RE,CH3 + FI + Remove + Greedy Repair + RE,92.0,78.0,76.0,21.05263157894737,2.6315789473684212,True,6,0.003449200070463121,0.02268189995083958
B.2,CH3,BI,Remove + Greedy Repair + RE,CH3 + BI + Remove + Greedy Repair + RE,92.0,78.0,76.0,21.05263157894737,2.6315789473684212,True,4,0.003449200070463121,0.048764900071546435
B.2,CH1+RE,FI,Remove + Greedy Repair + RE,CH1+RE + FI + Remove + Greedy Repair + RE,2130.0,82.0,76.0,2702.6315789473683,7.894736842105263,True,36,0.0020952000049874187,0.05478370003402233
B.2,CH1+RE,BI,Remove + Greedy Repair + RE,CH1+RE + BI + Remove + Greedy Repair + RE,2130.0,78.0,76.0,2702.6315789473683,2.6315789473684212,True,20,0.0020952000049874187,0.19667480001226068
B.3,CH1,FI,1-1 Swap + RE,CH1 + FI + 1-1 Swap + RE,2513.0,391.0,80.0,3041.25,388.75,True,79,0.001608500024303794,0.14797089993953705
B.3,CH1,BI,1-1 Swap + RE,CH1 + BI + 1-1 Swap + RE,2513.0,611.0,80.0,3041.25,663.75,True,24,0.001608500024303794,0.1153811999829486
B.3,CH2,FI,1-1 Swap + RE,CH2 + FI + 1-1 Swap + RE,89.0,82.0,80.0,11.25,2.5,True,2,0.08990500005893409,0.006401100079528987
B.3,CH2,BI,1-1 Swap + RE,CH2 + BI + 1-1 Swap + RE,89.0,81.0,80.0,11.25,1.25,True,1,0.08990500005893409,0.007386400015093386
B.3,CH3,FI,1-1 Swap + RE,CH3 + FI + 1-1 Swap + RE,89.0,85.0,80.0,11.25,6.25,True,4,0.004115300020202994,0.0100897999946028
B.3,CH3,BI,1-1 Swap + RE,CH3 + BI + 1-1 Swap + RE,89.0,85.0,80.0,11.25,6.25,True,2,0.004115300020202994,0.010646500042639673
B.3,CH1+RE,FI,1-1 Swap + RE,CH1+RE + FI + 1-1 Swap + RE,1901.0,790.0,80.0,2276.25,887.5,True,33,0.0020435000769793987,0.0304677999811247
B.3,CH1+RE,BI,1-1 Swap + RE,CH1+RE + BI + 1-1 Swap + RE,1901.0,773.0,80.0,2276.25,866.25,True,17,0.0020435000769793987,0.05334560002665967
B.3,CH1,FI,Remove + Greedy Repair + RE,CH1 + FI + Remove + Greedy Repair + RE,2513.0,86.0,80.0,3041.25,7.5,True,35,0.001608500024303794,0.03765920002479106
B.3,CH1,BI,Remove + Greedy Repair + RE,CH1 + BI + Remove + Greedy Repair + RE,2513.0,84.0,80.0,3041.25,5.0,True,24,0.001608500024303794,0.21873850002884865
B.3,CH2,FI,Remove + Greedy Repair + RE,CH2 + FI + Remove + Greedy Repair + RE,89.0,82.0,80.0,11.25,2.5,True,4,0.08990500005893409,0.020015300018712878
B.3,CH2,BI,Remove + Greedy Repair + RE,CH2 + BI + Remove + Greedy Repair + RE,89.0,81.0,80.0,11.25,1.25,True,1,0.08990500005893409,0.015373100060969591
B.3,CH3,FI,Remove + Greedy Repair + RE,CH3 + FI + Remove + Greedy Repair + RE,89.0,81.0,80.0,11.25,1.25,True,5,0.004115300020202994,0.02703479991760105
B.3,CH3,BI,Remove + Greedy Repair + RE,CH3 + BI + Remove + Greedy Repair + RE,89.0,81.0,80.0,11.25,1.25,True,4,0.004115300020202994,0.04763190005905926
B.3,CH1+RE,FI,Remove + Greedy Repair + RE,CH1+RE + FI + Remove + Greedy Repair + RE,1901.0,81.0,80.0,2276.25,1.25,True,40,0.0020435000769793987,0.0587824999820441
B.3,CH1+RE,BI,Remove + Greedy Repair + RE,CH1+RE + BI + Remove + Greedy Repair + RE,1901.0,85.0,80.0,2276.25,6.25,True,22,0.0020435000769793987,0.20157249993644655
B.4,CH1,FI,1-1 Swap + RE,CH1 + FI + 1-1 Swap + RE,2483.0,553.0,79.0,3043.0379746835442,600.0,True,75,0.0014912000624462962,0.24065819999668747
B.4,CH1,BI,1-1 Swap + RE,CH1 + BI + 1-1 Swap + RE,2483.0,719.0,79.0,3043.0379746835442,810.126582278481,True,19,0.0014912000624462962,0.24737050000112504
B.4,CH2,FI,1-1 Swap + RE,CH2 + FI + 1-1 Swap + RE,89.0,83.0,79.0,12.658227848101266,5.063291139240507,True,4,0.11461819999385625,0.013099899981170893
B.4,CH2,BI,1-1 Swap + RE,CH2 + BI + 1-1 Swap + RE,89.0,81.0,79.0,12.658227848101266,2.5316455696202533,True,1,0.11461819999385625,0.009308299981057644
B.4,CH3,FI,1-1 Swap + RE,CH3 + FI + 1-1 Swap + RE,95.0,93.0,79.0,20.253164556962027,17.72151898734177,True,2,0.00939490005839616,0.011604400002397597
B.4,CH3,BI,1-1 Swap + RE,CH3 + BI + 1-1 Swap + RE,95.0,82.0,79.0,20.253164556962027,3.7974683544303796,True,2,0.00939490005839616,0.012831000029109418
B.4,CH1+RE,FI,1-1 Swap + RE,CH1+RE + FI + 1-1 Swap + RE,1813.0,767.0,79.0,2194.9367088607596,870.8860759493671,True,42,0.0019455000292509794,0.051760299946181476
B.4,CH1+RE,BI,1-1 Swap + RE,CH1+RE + BI + 1-1 Swap + RE,1813.0,719.0,79.0,2194.9367088607596,810.126582278481,True,19,0.0019455000292509794,0.11986390000674874
B.4,CH1,FI,Remove + Greedy Repair + RE,CH1 + FI + Remove + Greedy Repair + RE,2483.0,82.0,79.0,3043.0379746835442,3.7974683544303796,True,45,0.0014912000624462962,0.12446790002286434
B.4,CH1,BI,Remove + Greedy Repair + RE,CH1 + BI + Remove + Greedy Repair + RE,2483.0,82.0,79.0,3043.0379746835442,3.7974683544303796,True,22,0.0014912000624462962,0.2155685001052916
B.4,CH2,FI,Remove + Greedy Repair + RE,CH2 + FI + Remove + Greedy Repair + RE,89.0,83.0,79.0,12.658227848101266,5.063291139240507,True,1,0.11461819999385625,0.009827899979427457
B.4,CH2,BI,Remove + Greedy Repair + RE,CH2 + BI + Remove + Greedy Repair + RE,89.0,83.0,79.0,12.658227848101266,5.063291139240507,True,1,0.11461819999385625,0.018659100052900612
B.4,CH3,FI,Remove + Greedy Repair + RE,CH3 + FI + Remove + Greedy Repair + RE,95.0,81.0,79.0,20.253164556962027,2.5316455696202533,True,5,0.00939490005839616,0.023036699974909425
B.4,CH3,BI,Remove + Greedy Repair + RE,CH3 + BI + Remove + Greedy Repair + RE,95.0,82.0,79.0,20.253164556962027,3.7974683544303796,True,2,0.00939490005839616,0.026878100004978478
B.4,CH1+RE,FI,Remove + Greedy Repair + RE,CH1+RE + FI + Remove + Greedy Repair + RE,1813.0,80.0,79.0,2194.9367088607596,1.2658227848101267,True,47,0.0019455000292509794,0.06200640008319169
B.4,CH1+RE,BI,Remove + Greedy Repair + RE,CH1+RE + BI + Remove + Greedy Repair + RE,1813.0,85.0,79.0,2194.9367088607596,7.594936708860759,True,20,0.0019455000292509794,0.19101800001226366
B.5,CH1,FI,1-1 Swap + RE,CH1 + FI + 1-1 Swap + RE,2565.0,885.0,72.0,3462.5,1129.1666666666667,True,52,0.0034763000439852476,0.08168970001861453
B.5,CH1,BI,1-1 Swap + RE,CH1 + BI + 1-1 Swap + RE,2565.0,740.0,72.0,3462.5,927.7777777777778,True,17,0.0034763000439852476,0.12101679993793368
B.5,CH2,FI,1-1 Swap + RE,CH2 + FI + 1-1 Swap + RE,78.0,76.0,72.0,8.333333333333334,5.555555555555555,True,2,0.1396309999981895,0.011355600086972117
B.5,CH2,BI,1-1 Swap + RE,CH2 + BI + 1-1 Swap + RE,78.0,73.0,72.0,8.333333333333334,1.3888888888888888,True,1,0.1396309999981895,0.008376399986445904
B.5,CH3,FI,1-1 Swap + RE,CH3 + FI + 1-1 Swap + RE,85.0,73.0,72.0,18.055555555555557,1.3888888888888888,True,3,0.004441600060090423,0.012495300034061074
B.5,CH3,BI,1-1 Swap + RE,CH3 + BI + 1-1 Swap + RE,85.0,73.0,72.0,18.055555555555557,1.3888888888888888,True,2,0.004441600060090423,0.013742999988608062
B.5,CH1+RE,FI,1-1 Swap + RE,CH1+RE + FI + 1-1 Swap + RE,2145.0,730.0,72.0,2879.1666666666665,913.8888888888889,True,58,0.005421600071713328,0.06474589998833835
B.5,CH1+RE,BI,1-1 Swap + RE,CH1+RE + BI + 1-1 Swap + RE,2145.0,740.0,72.0,2879.1666666666665,927.7777777777778,True,17,0.005421600071713328,0.0569765999680385
B.5,CH1,FI,Remove + Greedy Repair + RE,CH1 + FI + Remove + Greedy Repair + RE,2565.0,72.0,72.0,3462.5,0.0,True,48,0.0034763000439852476,0.07316310005262494
B.5,CH1,BI,Remove + Greedy Repair + RE,CH1 + BI + Remove + Greedy Repair + RE,2565.0,72.0,72.0,3462.5,0.0,True,22,0.0034763000439852476,0.2403321999590844
B.5,CH2,FI,Remove + Greedy Repair + RE,CH2 + FI + Remove + Greedy Repair + RE,78.0,72.0,72.0,8.333333333333334,0.0,True,4,0.1396309999981895,0.01709350000601262
B.5,CH2,BI,Remove + Greedy Repair + RE,CH2 + BI + Remove + Greedy Repair + RE,78.0,73.0,72.0,8.333333333333334,1.3888888888888888,True,1,0.1396309999981895,0.016457500052638352
B.5,CH3,FI,Remove + Greedy Repair + RE,CH3 + FI + Remove + Greedy Repair + RE,85.0,73.0,72.0,18.055555555555557,1.3888888888888888,True,5,0.004441600060090423,0.018169499933719635
B.5,CH3,BI,Remove + Greedy Repair + RE,CH3 + BI + Remove + Greedy Repair + RE,85.0,73.0,72.0,18.055555555555557,1.3888888888888888,True,2,0.004441600060090423,0.028608799912035465
B.5,CH1+RE,FI,Remove + Greedy Repair + RE,CH1+RE + FI + Remove + Greedy Repair + RE,2145.0,72.0,72.0,2879.1666666666665,0.0,True,51,0.005421600071713328,0.07596260006539524
B.5,CH1+RE,BI,Remove + Greedy Repair + RE,CH1+RE + BI + Remove + Greedy Repair + RE,2145.0,75.0,72.0,2879.1666666666665,4.166666666666667,True,23,0.005421600071713328,0.22239950008224696
C.1,CH1,FI,1-1 Swap + RE,CH1 + FI + 1-1 Swap + RE,5100.0,1464.0,227.0,2146.6960352422907,544.9339207048458,True,109,0.0020620999857783318,0.20720830000936985
C.1,CH1,BI,1-1 Swap + RE,CH1 + BI + 1-1 Swap + RE,5100.0,1499.0,227.0,2146.6960352422907,560.352422907489,True,33,0.0020620999857783318,1.276778099942021
C.1,CH2,FI,1-1 Swap + RE,CH2 + FI + 1-1 Swap + RE,258.0,235.0,227.0,13.656387665198238,3.5242290748898677,True,6,0.11691049998626113,0.03535130003001541
C.1,CH2,BI,1-1 Swap + RE,CH2 + BI + 1-1 Swap + RE,258.0,232.0,227.0,13.656387665198238,2.202643171806167,True,5,0.11691049998626113,0.0747179000172764
C.1,CH3,FI,1-1 Swap + RE,CH3 + FI + 1-1 Swap + RE,262.0,245.0,227.0,15.418502202643172,7.929515418502203,True,9,0.006810099934227765,0.04213950003031641
C.1,CH3,BI,1-1 Swap + RE,CH3 + BI + 1-1 Swap + RE,262.0,246.0,227.0,15.418502202643172,8.370044052863436,True,5,0.006810099934227765,0.052289499901235104
C.1,CH1+RE,FI,1-1 Swap + RE,CH1+RE + FI + 1-1 Swap + RE,3782.0,1520.0,227.0,1566.079295154185,569.6035242290749,True,83,0.002902899985201657,0.10835330002009869
C.1,CH1+RE,BI,1-1 Swap + RE,CH1+RE + BI + 1-1 Swap + RE,3782.0,1549.0,227.0,1566.079295154185,582.3788546255506,True,30,0.002902899985201657,0.19344039994757622
C.1,CH1,FI,Remove + Greedy Repair + RE,CH1 + FI + Remove + Greedy Repair + RE,5100.0,232.0,227.0,2146.6960352422907,2.202643171806167,True,75,0.0020620999857783318,0.20488099998328835
C.1,CH1,BI,Remove + Greedy Repair + RE,CH1 + BI + Remove + Greedy Repair + RE,5100.0,233.0,227.0,2146.6960352422907,2.643171806167401,True,40,0.0020620999857783318,1.1464878000551835
C.1,CH2,FI,Remove + Greedy Repair + RE,CH2 + FI + Remove + Greedy Repair + RE,258.0,232.0,227.0,13.656387665198238,2.202643171806167,True,6,0.11691049998626113,0.1075178999453783
C.1,CH2,BI,Remove + Greedy Repair + RE,CH2 + BI + Remove + Greedy Repair + RE,258.0,232.0,227.0,13.656387665198238,2.202643171806167,True,5,0.11691049998626113,0.29695740004535764
C.1,CH3,FI,Remove + Greedy Repair + RE,CH3 + FI + Remove + Greedy Repair + RE,262.0,239.0,227.0,15.418502202643172,5.286343612334802,True,6,0.006810099934227765,0.09519839996937662
C.1,CH3,BI,Remove + Greedy Repair + RE,CH3 + BI + Remove + Greedy Repair + RE,262.0,233.0,227.0,15.418502202643172,2.643171806167401,True,7,0.006810099934227765,0.3338438000064343
C.1,CH1+RE,FI,Remove + Greedy Repair + RE,CH1+RE + FI + Remove + Greedy Repair + RE,3782.0,234.0,227.0,1566.079295154185,3.0837004405286343,True,85,0.002902899985201657,0.24066520004998893
C.1,CH1+RE,BI,Remove + Greedy Repair + RE,CH1+RE + BI + Remove + Greedy Repair + RE,3782.0,233.0,227.0,1566.079295154185,2.643171806167401,True,40,0.002902899985201657,1.3202790999785066
C.2,CH1,FI,1-1 Swap + RE,CH1 + FI + 1-1 Swap + RE,5197.0,1606.0,219.0,2273.0593607305937,633.3333333333334,True,114,0.0026181999128311872,0.259966199984774
C.2,CH1,BI,1-1 Swap + RE,CH1 + BI + 1-1 Swap + RE,5197.0,1911.0,219.0,2273.0593607305937,772.6027397260274,True,32,0.0026181999128311872,0.5753606000216678
C.2,CH2,FI,1-1 Swap + RE,CH2 + FI + 1-1 Swap + RE,258.0,224.0,219.0,17.80821917808219,2.2831050228310503,True,2,0.12244880001526326,0.011841199942864478
C.2,CH2,BI,1-1 Swap + RE,CH2 + BI + 1-1 Swap + RE,258.0,221.0,219.0,17.80821917808219,0.91324200913242,True,2,0.12244880001526326,0.03542510000988841
C.2,CH3,FI,1-1 Swap + RE,CH3 + FI + 1-1 Swap + RE,252.0,241.0,219.0,15.068493150684931,10.045662100456621,True,6,0.007541899918578565,0.024629899999126792
C.2,CH3,BI,1-1 Swap + RE,CH3 + BI + 1-1 Swap + RE,252.0,232.0,219.0,15.068493150684931,5.936073059360731,True,5,0.007541899918578565,0.053473600069992244
C.2,CH1+RE,FI,1-1 Swap + RE,CH1+RE + FI + 1-1 Swap + RE,3995.0,2060.0,219.0,1724.2009132420092,840.6392694063927,True,82,0.0033951998921111226,0.17779430001974106
C.2,CH1+RE,BI,1-1 Swap + RE,CH1+RE + BI + 1-1 Swap + RE,3995.0,1911.0,219.0,1724.2009132420092,772.6027397260274,True,32,0.0033951998921111226,0.27260250004474074
C.2,CH1,FI,Remove + Greedy Repair + RE,CH1 + FI + Remove + Greedy Repair + RE,5197.0,223.0,219.0,2273.0593607305937,1.82648401826484,True,86,0.0026181999128311872,0.2299509000731632
C.2,CH1,BI,Remove + Greedy Repair + RE,CH1 + BI + Remove + Greedy Repair + RE,5197.0,233.0,219.0,2273.0593607305937,6.392694063926941,True,40,0.0026181999128311872,1.2325536999851465
C.2,CH2,FI,Remove + Greedy Repair + RE,CH2 + FI + Remove + Greedy Repair + RE,258.0,223.0,219.0,17.80821917808219,1.82648401826484,True,3,0.12244880001526326,0.07043239998165518
C.2,CH2,BI,Remove + Greedy Repair + RE,CH2 + BI + Remove + Greedy Repair + RE,258.0,221.0,219.0,17.80821917808219,0.91324200913242,True,2,0.12244880001526326,0.1484385000076145
C.2,CH3,FI,Remove + Greedy Repair + RE,CH3 + FI + Remove + Greedy Repair + RE,252.0,236.0,219.0,15.068493150684931,7.762557077625571,True,9,0.007541899918578565,0.106735699926503
C.2,CH3,BI,Remove + Greedy Repair + RE,CH3 + BI + Remove + Greedy Repair + RE,252.0,235.0,219.0,15.068493150684931,7.30593607305936,True,8,0.007541899918578565,0.3035858999937773
C.2,CH1+RE,FI,Remove + Greedy Repair + RE,CH1+RE + FI + Remove + Greedy Repair + RE,3995.0,225.0,219.0,1724.2009132420092,2.73972602739726,True,81,0.0033951998921111226,0.2941347999731079
C.2,CH1+RE,BI,Remove + Greedy Repair + RE,CH1+RE + BI + Remove + Greedy Repair + RE,3995.0,233.0,219.0,1724.2009132420092,6.392694063926941,True,41,0.0033951998921111226,1.270021399948746
C.3,CH1,FI,1-1 Swap + RE,CH1 + FI + 1-1 Swap + RE,6255.0,1876.0,243.0,2474.074074074074,672.0164609053498,True,108,0.003842800040729344,0.15098319994285703
C.3,CH1,BI,1-1 Swap + RE,CH1 + BI + 1-1 Swap + RE,6255.0,1934.0,243.0,2474.074074074074,695.8847736625514,True,35,0.003842800040729344,1.8053670999361202
C.3,CH2,FI,1-1 Swap + RE,CH2 + FI + 1-1 Swap + RE,276.0,254.0,243.0,13.580246913580247,4.526748971193416,True,9,0.12072030000854284,0.029494699905626476
C.3,CH2,BI,1-1 Swap + RE,CH2 + BI + 1-1 Swap + RE,276.0,251.0,243.0,13.580246913580247,3.292181069958848,True,4,0.12072030000854284,0.043863700004294515
C.3,CH3,FI,1-1 Swap + RE,CH3 + FI + 1-1 Swap + RE,289.0,271.0,243.0,18.930041152263374,11.522633744855968,True,6,0.008236599969677627,0.0224762000143528
C.3,CH3,BI,1-1 Swap + RE,CH3 + BI + 1-1 Swap + RE,289.0,267.0,243.0,18.930041152263374,9.876543209876543,True,4,0.008236599969677627,0.03463239991106093
C.3,CH1+RE,FI,1-1 Swap + RE,CH1+RE + FI + 1-1 Swap + RE,4422.0,1196.0,243.0,1719.7530864197531,392.18106995884773,True,148,0.004798799986019731,0.2618809000123292
C.3,CH1+RE,BI,1-1 Swap + RE,CH1+RE + BI + 1-1 Swap + RE,4422.0,1934.0,243.0,1719.7530864197531,695.8847736625514,True,35,0.004798799986019731,0.2687164000235498
C.3,CH1,FI,Remove + Greedy Repair + RE,CH1 + FI + Remove + Greedy Repair + RE,6255.0,262.0,243.0,2474.074074074074,7.818930041152264,True,85,0.003842800040729344,0.4598237000172958
C.3,CH1,BI,Remove + Greedy Repair + RE,CH1 + BI + Remove + Greedy Repair + RE,6255.0,260.0,243.0,2474.074074074074,6.995884773662551,True,45,0.003842800040729344,1.7074318999657407
C.3,CH2,FI,Remove + Greedy Repair + RE,CH2 + FI + Remove + Greedy Repair + RE,276.0,250.0,243.0,13.580246913580247,2.880658436213992,True,7,0.12072030000854284,0.04299190000165254
C.3,CH2,BI,Remove + Greedy Repair + RE,CH2 + BI + Remove + Greedy Repair + RE,276.0,249.0,243.0,13.580246913580247,2.4691358024691357,True,6,0.12072030000854284,0.311466799932532
C.3,CH3,FI,Remove + Greedy Repair + RE,CH3 + FI + Remove + Greedy Repair + RE,289.0,257.0,243.0,18.930041152263374,5.761316872427984,True,11,0.008236599969677627,0.04865009989589453
C.3,CH3,BI,Remove + Greedy Repair + RE,CH3 + BI + Remove + Greedy Repair + RE,289.0,253.0,243.0,18.930041152263374,4.11522633744856,True,8,0.008236599969677627,0.40956369997002184
C.3,CH1+RE,FI,Remove + Greedy Repair + RE,CH1+RE + FI + Remove + Greedy Repair + RE,4422.0,255.0,243.0,1719.7530864197531,4.938271604938271,True,91,0.004798799986019731,0.2239376000361517
C.3,CH1+RE,BI,Remove + Greedy Repair + RE,CH1+RE + BI + Remove + Greedy Repair + RE,4422.0,255.0,243.0,1719.7530864197531,4.938271604938271,True,47,0.004798799986019731,1.227313800016418
C.4,CH1,FI,1-1 Swap + RE,CH1 + FI + 1-1 Swap + RE,6015.0,1350.0,219.0,2646.5753424657532,516.4383561643835,True,131,0.0021476999390870333,0.19158640003297478
C.4,CH1,BI,1-1 Swap + RE,CH1 + BI + 1-1 Swap + RE,6015.0,2284.0,219.0,2646.5753424657532,942.9223744292237,True,32,0.0021476999390870333,1.7587039999198169
C.4,CH2,FI,1-1 Swap + RE,CH2 + FI + 1-1 Swap + RE,257.0,233.0,219.0,17.35159817351598,6.392694063926941,True,8,0.09444819996133447,0.026199899963103235
C.4,CH2,BI,1-1 Swap + RE,CH2 + BI + 1-1 Swap + RE,257.0,231.0,219.0,17.35159817351598,5.47945205479452,True,3,0.09444819996133447,0.05169520003255457
C.4,CH3,FI,1-1 Swap + RE,CH3 + FI + 1-1 Swap + RE,262.0,237.0,219.0,19.634703196347033,8.219178082191782,True,15,0.004544000141322613,0.045883200014941394
C.4,CH3,BI,1-1 Swap + RE,CH3 + BI + 1-1 Swap + RE,262.0,229.0,219.0,19.634703196347033,4.566210045662101,True,8,0.004544000141322613,0.07422619999852031
C.4,CH1+RE,FI,1-1 Swap + RE,CH1+RE + FI + 1-1 Swap + RE,4307.0,1642.0,219.0,1866.6666666666667,649.7716894977169,True,110,0.0035638000117614865,0.18946779996622354
C.4,CH1+RE,BI,1-1 Swap + RE,CH1+RE + BI + 1-1 Swap + RE,4307.0,1971.0,219.0,1866.6666666666667,800.0,True,36,0.0035638000117614865,0.3151594999944791
C.4,CH1,FI,Remove + Greedy Repair + RE,CH1 + FI + Remove + Greedy Repair + RE,6015.0,225.0,219.0,2646.5753424657532,2.73972602739726,True,87,0.0021476999390870333,0.23981499997898936
C.4,CH1,BI,Remove + Greedy Repair + RE,CH1 + BI + Remove + Greedy Repair + RE,6015.0,233.0,219.0,2646.5753424657532,6.392694063926941,True,45,0.0021476999390870333,1.358538300031796
C.4,CH2,FI,Remove + Greedy Repair + RE,CH2 + FI + Remove + Greedy Repair + RE,257.0,225.0,219.0,17.35159817351598,2.73972602739726,True,8,0.09444819996133447,0.08042619994375855
C.4,CH2,BI,Remove + Greedy Repair + RE,CH2 + BI + Remove + Greedy Repair + RE,257.0,230.0,219.0,17.35159817351598,5.0228310502283104,True,3,0.09444819996133447,0.10015370009932667
C.4,CH3,FI,Remove + Greedy Repair + RE,CH3 + FI + Remove + Greedy Repair + RE,262.0,223.0,219.0,19.634703196347033,1.82648401826484,True,14,0.004544000141322613,0.05390980001538992
C.4,CH3,BI,Remove + Greedy Repair + RE,CH3 + BI + Remove + Greedy Repair + RE,262.0,222.0,219.0,19.634703196347033,1.36986301369863,True,10,0.004544000141322613,0.3567593999905512
C.4,CH1+RE,FI,Remove + Greedy Repair + RE,CH1+RE + FI + Remove + Greedy Repair + RE,4307.0,228.0,219.0,1866.6666666666667,4.109589041095891,True,75,0.0035638000117614865,0.21450869995169342
C.4,CH1+RE,BI,Remove + Greedy Repair + RE,CH1+RE + BI + Remove + Greedy Repair + RE,4307.0,232.0,219.0,1866.6666666666667,5.936073059360731,True,43,0.0035638000117614865,1.7873658000025898
C.5,CH1,FI,1-1 Swap + RE,CH1 + FI + 1-1 Swap + RE,5085.0,1613.0,215.0,2265.1162790697676,650.2325581395348,True,100,0.0019126000115647912,0.222411600057967
C.5,CH1,BI,1-1 Swap + RE,CH1 + BI + 1-1 Swap + RE,5085.0,2157.0,215.0,2265.1162790697676,903.2558139534884,True,28,0.0019126000115647912,0.5601796000264585
C.5,CH2,FI,1-1 Swap + RE,CH2 + FI + 1-1 Swap + RE,233.0,222.0,215.0,8.372093023255815,3.255813953488372,True,3,0.11157269997056574,0.028084499994292855
C.5,CH2,BI,1-1 Swap + RE,CH2 + BI + 1-1 Swap + RE,233.0,217.0,215.0,8.372093023255815,0.9302325581395349,True,2,0.11157269997056574,0.027757299947552383
C.5,CH3,FI,1-1 Swap + RE,CH3 + FI + 1-1 Swap + RE,250.0,242.0,215.0,16.27906976744186,12.55813953488372,True,4,0.008438399992883205,0.02188340004067868
C.5,CH3,BI,1-1 Swap + RE,CH3 + BI + 1-1 Swap + RE,250.0,239.0,215.0,16.27906976744186,11.162790697674419,True,3,0.008438399992883205,0.03869079996366054
C.5,CH1+RE,FI,1-1 Swap + RE,CH1+RE + FI + 1-1 Swap + RE,4027.0,2214.0,215.0,1773.0232558139535,929.7674418604652,True,57,0.002929600072093308,0.21066560002509505
C.5,CH1+RE,BI,1-1 Swap + RE,CH1+RE + BI + 1-1 Swap + RE,4027.0,2072.0,215.0,1773.0232558139535,863.7209302325581,True,35,0.002929600072093308,0.36211030010599643
C.5,CH1,FI,Remove + Greedy Repair + RE,CH1 + FI + Remove + Greedy Repair + RE,5085.0,217.0,215.0,2265.1162790697676,0.9302325581395349,True,72,0.0019126000115647912,0.3146400999976322
C.5,CH1,BI,Remove + Greedy Repair + RE,CH1 + BI + Remove + Greedy Repair + RE,5085.0,220.0,215.0,2265.1162790697676,2.3255813953488373,True,40,0.0019126000115647912,1.3879735000664368
C.5,CH2,FI,Remove + Greedy Repair + RE,CH2 + FI + Remove + Greedy Repair + RE,233.0,218.0,215.0,8.372093023255815,1.3953488372093024,True,4,0.11157269997056574,0.055030800052918494
C.5,CH2,BI,Remove + Greedy Repair + RE,CH2 + BI + Remove + Greedy Repair + RE,233.0,218.0,215.0,8.372093023255815,1.3953488372093024,True,1,0.11157269997056574,0.05856349994428456
C.5,CH3,FI,Remove + Greedy Repair + RE,CH3 + FI + Remove + Greedy Repair + RE,250.0,219.0,215.0,16.27906976744186,1.8604651162790697,True,15,0.008438399992883205,0.08825310005340725
C.5,CH3,BI,Remove + Greedy Repair + RE,CH3 + BI + Remove + Greedy Repair + RE,250.0,217.0,215.0,16.27906976744186,0.9302325581395349,True,11,0.008438399992883205,0.4159914000192657
C.5,CH1+RE,FI,Remove + Greedy Repair + RE,CH1+RE + FI + Remove + Greedy Repair + RE,4027.0,217.0,215.0,1773.0232558139535,0.9302325581395349,True,74,0.002929600072093308,0.20196129998657852
C.5,CH1+RE,BI,Remove + Greedy Repair + RE,CH1+RE + BI + Remove + Greedy Repair + RE,4027.0,219.0,215.0,1773.0232558139535,1.8604651162790697,True,44,0.002929600072093308,1.6613342000637203
D.1,CH1,FI,1-1 Swap + RE,CH1 + FI + 1-1 Swap + RE,2852.0,1125.0,60.0,4653.333333333333,1775.0,True,52,0.0036427000304684043,0.06450099998619407
D.1,CH1,BI,1-1 Swap + RE,CH1 + BI + 1-1 Swap + RE,2852.0,913.0,60.0,4653.333333333333,1421.6666666666667,True,21,0.0036427000304684043,0.13719769997987896
D.1,CH2,FI,1-1 Swap + RE,CH2 + FI + 1-1 Swap + RE,74.0,63.0,60.0,23.333333333333332,5.0,True,8,0.1600516999606043,0.03414959996007383
D.1,CH2,BI,1-1 Swap + RE,CH2 + BI + 1-1 Swap + RE,74.0,64.0,60.0,23.333333333333332,6.666666666666667,True,2,0.1600516999606043,0.018490000045858324
D.1,CH3,FI,1-1 Swap + RE,CH3 + FI + 1-1 Swap + RE,69.0,61.0,60.0,15.0,1.6666666666666667,True,5,0.004410400055348873,0.02349509997293353
D.1,CH3,BI,1-1 Swap + RE,CH3 + BI + 1-1 Swap + RE,69.0,61.0,60.0,15.0,1.6666666666666667,True,2,0.004410400055348873,0.022104800096713006
D.1,CH1+RE,FI,1-1 Swap + RE,CH1+RE + FI + 1-1 Swap + RE,2363.0,778.0,60.0,3838.3333333333335,1196.6666666666667,True,75,0.004088300047442317,0.09366220002993941
D.1,CH1+RE,BI,1-1 Swap + RE,CH1+RE + BI + 1-1 Swap + RE,2363.0,913.0,60.0,3838.3333333333335,1421.6666666666667,True,21,0.004088300047442317,0.10793670010752976
D.1,CH1,FI,Remove + Greedy Repair + RE,CH1 + FI + Remove + Greedy Repair + RE,2852.0,61.0,60.0,4653.333333333333,1.6666666666666667,True,37,0.0036427000304684043,0.07394470006693155
D.1,CH1,BI,Remove + Greedy Repair + RE,CH1 + BI + Remove + Greedy Repair + RE,2852.0,64.0,60.0,4653.333333333333,6.666666666666667,True,22,0.0036427000304684043,0.27777839999180287
D.1,CH2,FI,Remove + Greedy Repair + RE,CH2 + FI + Remove + Greedy Repair + RE,74.0,64.0,60.0,23.333333333333332,6.666666666666667,True,4,0.1600516999606043,0.02621979999821633
D.1,CH2,BI,Remove + Greedy Repair + RE,CH2 + BI + Remove + Greedy Repair + RE,74.0,62.0,60.0,23.333333333333332,3.3333333333333335,True,2,0.1600516999606043,0.03454090002924204
D.1,CH3,FI,Remove + Greedy Repair + RE,CH3 + FI + Remove + Greedy Repair + RE,69.0,60.0,60.0,15.0,0.0,True,4,0.004410400055348873,0.04851350001990795
D.1,CH3,BI,Remove + Greedy Repair + RE,CH3 + BI + Remove + Greedy Repair + RE,69.0,61.0,60.0,15.0,1.6666666666666667,True,2,0.004410400055348873,0.05456459999550134
D.1,CH1+RE,FI,Remove + Greedy Repair + RE,CH1+RE + FI + Remove + Greedy Repair + RE,2363.0,61.0,60.0,3838.3333333333335,1.6666666666666667,True,39,0.004088300047442317,0.0829991000937298
D.1,CH1+RE,BI,Remove + Greedy Repair + RE,CH1+RE + BI + Remove + Greedy Repair + RE,2363.0,61.0,60.0,3838.3333333333335,1.6666666666666667,True,21,0.004088300047442317,0.23666059994138777
D.2,CH1,FI,1-1 Swap + RE,CH1 + FI + 1-1 Swap + RE,3164.0,1229.0,66.0,4693.939393939394,1762.121212121212,True,38,0.003447100054472685,0.047179599991068244
D.2,CH1,BI,1-1 Swap + RE,CH1 + BI + 1-1 Swap + RE,3164.0,868.0,66.0,4693.939393939394,1215.1515151515152,True,22,0.003447100054472685,1.3549464999232441
D.2,CH2,FI,1-1 Swap + RE,CH2 + FI + 1-1 Swap + RE,74.0,70.0,66.0,12.121212121212121,6.0606060606060606,True,2,0.1759933999273926,0.01120100007392466
D.2,CH2,BI,1-1 Swap + RE,CH2 + BI + 1-1 Swap + RE,74.0,68.0,66.0,12.121212121212121,3.0303030303030303,True,1,0.1759933999273926,0.010592999984510243
D.2,CH3,FI,1-1 Swap + RE,CH3 + FI + 1-1 Swap + RE,81.0,78.0,66.0,22.727272727272727,18.181818181818183,True,1,0.008610000018961728,0.010164999985136092
D.2,CH3,BI,1-1 Swap + RE,CH3 + BI + 1-1 Swap + RE,81.0,75.0,66.0,22.727272727272727,13.636363636363637,True,2,0.008610000018961728,0.0177467999747023
D.2,CH1+RE,FI,1-1 Swap + RE,CH1+RE + FI + 1-1 Swap + RE,2216.0,715.0,66.0,3257.5757575757575,983.3333333333334,True,91,0.003993800142779946,0.13660129997879267
D.2,CH1+RE,BI,1-1 Swap + RE,CH1+RE + BI + 1-1 Swap + RE,2216.0,868.0,66.0,3257.5757575757575,1215.1515151515152,True,22,0.003993800142779946,0.12504279997665435
D.2,CH1,FI,Remove + Greedy Repair + RE,CH1 + FI + Remove + Greedy Repair + RE,3164.0,69.0,66.0,4693.939393939394,4.545454545454546,True,42,0.003447100054472685,0.04465729999355972
D.2,CH1,BI,Remove + Greedy Repair + RE,CH1 + BI + Remove + Greedy Repair + RE,3164.0,70.0,66.0,4693.939393939394,6.0606060606060606,True,27,0.003447100054472685,0.3557366000022739
D.2,CH2,FI,Remove + Greedy Repair + RE,CH2 + FI + Remove + Greedy Repair + RE,74.0,68.0,66.0,12.121212121212121,3.0303030303030303,True,6,0.1759933999273926,0.034271700074896216
D.2,CH2,BI,Remove + Greedy Repair + RE,CH2 + BI + Remove + Greedy Repair + RE,74.0,68.0,66.0,12.121212121212121,3.0303030303030303,True,2,0.1759933999273926,0.03128979995381087
D.2,CH3,FI,Remove + Greedy Repair + RE,CH3 + FI + Remove + Greedy Repair + RE,81.0,70.0,66.0,22.727272727272727,6.0606060606060606,True,7,0.008610000018961728,0.04284509993158281
D.2,CH3,BI,Remove + Greedy Repair + RE,CH3 + BI + Remove + Greedy Repair + RE,81.0,74.0,66.0,22.727272727272727,12.121212121212121,True,2,0.008610000018961728,0.03748460009228438
D.2,CH1+RE,FI,Remove + Greedy Repair + RE,CH1+RE + FI + Remove + Greedy Repair + RE,2216.0,69.0,66.0,3257.5757575757575,4.545454545454546,True,40,0.003993800142779946,0.09834140003658831
D.2,CH1+RE,BI,Remove + Greedy Repair + RE,CH1+RE + BI + Remove + Greedy Repair + RE,2216.0,68.0,66.0,3257.5757575757575,3.0303030303030303,True,26,0.003993800142779946,0.32214489998295903
D.3,CH1,FI,1-1 Swap + RE,CH1 + FI + 1-1 Swap + RE,3106.0,870.0,72.0,4213.888888888889,1108.3333333333333,True,99,0.0020602999720722437,0.1603936000028625
D.3,CH1,BI,1-1 Swap + RE,CH1 + BI + 1-1 Swap + RE,3106.0,1040.0,72.0,4213.888888888889,1344.4444444444443,True,22,0.0020602999720722437,1.00653869996313
D.3,CH2,FI,1-1 Swap + RE,CH2 + FI + 1-1 Swap + RE,83.0,78.0,72.0,15.277777777777779,8.333333333333334,True,3,0.16421489999629557,0.016098099993541837
D.3,CH2,BI,1-1 Swap + RE,CH2 + BI + 1-1 Swap + RE,83.0,79.0,72.0,15.277777777777779,9.722222222222221,True,1,0.16421489999629557,0.011343999998643994
D.3,CH3,FI,1-1 Swap + RE,CH3 + FI + 1-1 Swap + RE,83.0,80.0,72.0,15.277777777777779,11.11111111111111,True,3,0.008715800009667873,0.011557199992239475
D.3,CH3,BI,1-1 Swap + RE,CH3 + BI + 1-1 Swap + RE,83.0,75.0,72.0,15.277777777777779,4.166666666666667,True,2,0.008715800009667873,0.01600890001282096
D.3,CH1+RE,FI,1-1 Swap + RE,CH1+RE + FI + 1-1 Swap + RE,2418.0,516.0,72.0,3258.3333333333335,616.6666666666666,True,93,0.002540400018915534,0.13092419994063675
D.3,CH1+RE,BI,1-1 Swap + RE,CH1+RE + BI + 1-1 Swap + RE,2418.0,1040.0,72.0,3258.3333333333335,1344.4444444444443,True,22,0.002540400018915534,0.14922360004857183
D.3,CH1,FI,Remove + Greedy Repair + RE,CH1 + FI + Remove + Greedy Repair + RE,3106.0,78.0,72.0,4213.888888888889,8.333333333333334,True,36,0.0020602999720722437,0.054316099965944886
D.3,CH1,BI,Remove + Greedy Repair + RE,CH1 + BI + Remove + Greedy Repair + RE,3106.0,79.0,72.0,4213.888888888889,9.722222222222221,True,25,0.0020602999720722437,0.3125780000118539
D.3,CH2,FI,Remove + Greedy Repair + RE,CH2 + FI + Remove + Greedy Repair + RE,83.0,78.0,72.0,15.277777777777779,8.333333333333334,True,2,0.16421489999629557,0.018740600091405213
D.3,CH2,BI,Remove + Greedy Repair + RE,CH2 + BI + Remove + Greedy Repair + RE,83.0,78.0,72.0,15.277777777777779,8.333333333333334,True,1,0.16421489999629557,0.029099300038069487
D.3,CH3,FI,Remove + Greedy Repair + RE,CH3 + FI + Remove + Greedy Repair + RE,83.0,76.0,72.0,15.277777777777779,5.555555555555555,True,4,0.008715800009667873,0.03361939999740571
D.3,CH3,BI,Remove + Greedy Repair + RE,CH3 + BI + Remove + Greedy Repair + RE,83.0,75.0,72.0,15.277777777777779,4.166666666666667,True,2,0.008715800009667873,0.045722999959252775
D.3,CH1+RE,FI,Remove + Greedy Repair + RE,CH1+RE + FI + Remove + Greedy Repair + RE,2418.0,74.0,72.0,3258.3333333333335,2.7777777777777777,True,43,0.002540400018915534,0.06355250009801239
D.3,CH1+RE,BI,Remove + Greedy Repair + RE,CH1+RE + BI + Remove + Greedy Repair + RE,2418.0,81.0,72.0,3258.3333333333335,12.5,True,24,0.002540400018915534,0.2856922000646591
D.4,CH1,FI,1-1 Swap + RE,CH1 + FI + 1-1 Swap + RE,3049.0,797.0,62.0,4817.741935483871,1185.483870967742,True,73,0.002388100023381412,0.10489489999599755
D.4,CH1,BI,1-1 Swap + RE,CH1 + BI + 1-1 Swap + RE,3049.0,1363.0,62.0,4817.741935483871,2098.3870967741937,True,11,0.002388100023381412,0.8190258000977337
D.4,CH2,FI,1-1 Swap + RE,CH2 + FI + 1-1 Swap + RE,71.0,67.0,62.0,14.516129032258064,8.064516129032258,True,2,0.22729030007030815,0.0158000000519678
D.4,CH2,BI,1-1 Swap + RE,CH2 + BI + 1-1 Swap + RE,71.0,63.0,62.0,14.516129032258064,1.6129032258064515,True,2,0.22729030007030815,0.020235299947671592
D.4,CH3,FI,1-1 Swap + RE,CH3 + FI + 1-1 Swap + RE,72.0,69.0,62.0,16.129032258064516,11.290322580645162,True,3,0.004176200018264353,0.01707269996404648
D.4,CH3,BI,1-1 Swap + RE,CH3 + BI + 1-1 Swap + RE,72.0,68.0,62.0,16.129032258064516,9.67741935483871,True,1,0.004176200018264353,0.01399209990631789
D.4,CH1+RE,FI,1-1 Swap + RE,CH1+RE + FI + 1-1 Swap + RE,2366.0,1220.0,62.0,3716.1290322580644,1867.741935483871,True,29,0.0033170999959111214,0.0672769999364391
D.4,CH1+RE,BI,1-1 Swap + RE,CH1+RE + BI + 1-1 Swap + RE,2366.0,777.0,62.0,3716.1290322580644,1153.225806451613,True,22,0.0033170999959111214,0.21748770005069673
D.4,CH1,FI,Remove + Greedy Repair + RE,CH1 + FI + Remove + Greedy Repair + RE,3049.0,64.0,62.0,4817.741935483871,3.225806451612903,True,36,0.002388100023381412,0.06241610005963594
D.4,CH1,BI,Remove + Greedy Repair + RE,CH1 + BI + Remove + Greedy Repair + RE,3049.0,64.0,62.0,4817.741935483871,3.225806451612903,True,23,0.002388100023381412,0.4919715999858454
D.4,CH2,FI,Remove + Greedy Repair + RE,CH2 + FI + Remove + Greedy Repair + RE,71.0,66.0,62.0,14.516129032258064,6.451612903225806,True,3,0.22729030007030815,0.016283700009807944
D.4,CH2,BI,Remove + Greedy Repair + RE,CH2 + BI + Remove + Greedy Repair + RE,71.0,64.0,62.0,14.516129032258064,3.225806451612903,True,1,0.22729030007030815,0.027389399940147996
D.4,CH3,FI,Remove + Greedy Repair + RE,CH3 + FI + Remove + Greedy Repair + RE,72.0,65.0,62.0,16.129032258064516,4.838709677419355,True,5,0.004176200018264353,0.03879570006392896
D.4,CH3,BI,Remove + Greedy Repair + RE,CH3 + BI + Remove + Greedy Repair + RE,72.0,65.0,62.0,16.129032258064516,4.838709677419355,True,2,0.004176200018264353,0.09910000010859221
D.4,CH1+RE,FI,Remove + Greedy Repair + RE,CH1+RE + FI + Remove + Greedy Repair + RE,2366.0,65.0,62.0,3716.1290322580644,4.838709677419355,True,37,0.0033170999959111214,0.11108910001348704
D.4,CH1+RE,BI,Remove + Greedy Repair + RE,CH1+RE + BI + Remove + Greedy Repair + RE,2366.0,66.0,62.0,3716.1290322580644,6.451612903225806,True,17,0.0033170999959111214,0.439405299955979
D.5,CH1,FI,1-1 Swap + RE,CH1 + FI + 1-1 Swap + RE,2712.0,722.0,61.0,4345.901639344263,1083.6065573770493,True,64,0.0023955999640747905,0.17034870001953095
D.5,CH1,BI,1-1 Swap + RE,CH1 + BI + 1-1 Swap + RE,2712.0,932.0,61.0,4345.901639344263,1427.8688524590164,True,18,0.0023955999640747905,0.18977539998013526
D.5,CH2,FI,1-1 Swap + RE,CH2 + FI + 1-1 Swap + RE,69.0,64.0,61.0,13.114754098360656,4.918032786885246,True,2,0.21123360004276037,0.01679120003245771
D.5,CH2,BI,1-1 Swap + RE,CH2 + BI + 1-1 Swap + RE,69.0,62.0,61.0,13.114754098360656,1.639344262295082,True,3,0.21123360004276037,0.05076569993980229
D.5,CH3,FI,1-1 Swap + RE,CH3 + FI + 1-1 Swap + RE,73.0,68.0,61.0,19.672131147540984,11.475409836065573,True,3,0.008957399986684322,0.03378920000977814
D.5,CH3,BI,1-1 Swap + RE,CH3 + BI + 1-1 Swap + RE,73.0,68.0,61.0,19.672131147540984,11.475409836065573,True,1,0.008957399986684322,0.02173070004209876
D.5,CH1+RE,FI,1-1 Swap + RE,CH1+RE + FI + 1-1 Swap + RE,2384.0,1060.0,61.0,3808.1967213114754,1637.704918032787,True,64,0.002860899898223579,0.20090759999584407
D.5,CH1+RE,BI,1-1 Swap + RE,CH1+RE + BI + 1-1 Swap + RE,2384.0,1145.0,61.0,3808.1967213114754,1777.049180327869,True,13,0.002860899898223579,0.1081331999739632
D.5,CH1,FI,Remove + Greedy Repair + RE,CH1 + FI + Remove + Greedy Repair + RE,2712.0,61.0,61.0,4345.901639344263,0.0,True,44,0.0023955999640747905,0.19079800008330494
D.5,CH1,BI,Remove + Greedy Repair + RE,CH1 + BI + Remove + Greedy Repair + RE,2712.0,61.0,61.0,4345.901639344263,0.0,True,23,0.0023955999640747905,0.6071461000246927
D.5,CH2,FI,Remove + Greedy Repair + RE,CH2 + FI + Remove + Greedy Repair + RE,69.0,63.0,61.0,13.114754098360656,3.278688524590164,True,5,0.21123360004276037,0.03927809989545494
D.5,CH2,BI,Remove + Greedy Repair + RE,CH2 + BI + Remove + Greedy Repair + RE,69.0,61.0,61.0,13.114754098360656,0.0,True,5,0.21123360004276037,0.11707430006936193
D.5,CH3,FI,Remove + Greedy Repair + RE,CH3 + FI + Remove + Greedy Repair + RE,73.0,69.0,61.0,19.672131147540984,13.114754098360656,True,2,0.008957399986684322,0.02432349999435246
D.5,CH3,BI,Remove + Greedy Repair + RE,CH3 + BI + Remove + Greedy Repair + RE,73.0,63.0,61.0,19.672131147540984,3.278688524590164,True,5,0.008957399986684322,0.07189610006753355
D.5,CH1+RE,FI,Remove + Greedy Repair + RE,CH1+RE + FI + Remove + Greedy Repair + RE,2384.0,64.0,61.0,3808.1967213114754,4.918032786885246,True,37,0.002860899898223579,0.06622109992895275
D.5,CH1+RE,BI,Remove + Greedy Repair + RE,CH1+RE + BI + Remove + Greedy Repair + RE,2384.0,63.0,61.0,3808.1967213114754,3.278688524590164,True,27,0.002860899898223579,0.32058210007380694
